-- phpMyAdmin SQL Dump
-- version 3.5.1
-- http://www.phpmyadmin.net
--
-- Client: localhost
-- Généré le: Dim 24 Novembre 2013 à 13:10
-- Version du serveur: 5.5.24-log
-- Version de PHP: 5.3.13

SET SQL_MODE="NO_AUTO_VALUE_ON_ZERO";
SET time_zone = "+00:00";


/*!40101 SET @OLD_CHARACTER_SET_CLIENT=@@CHARACTER_SET_CLIENT */;
/*!40101 SET @OLD_CHARACTER_SET_RESULTS=@@CHARACTER_SET_RESULTS */;
/*!40101 SET @OLD_COLLATION_CONNECTION=@@COLLATION_CONNECTION */;
/*!40101 SET NAMES utf8 */;

--
-- Base de données: `pauseter`
--

-- --------------------------------------------------------

--
-- Structure de la table `gain`
--

DROP TABLE IF EXISTS `gain`;
CREATE TABLE IF NOT EXISTS `gain` (
  `idGain` int(11) NOT NULL AUTO_INCREMENT,
  `libelle` varchar(255) NOT NULL,
  `information` varchar(255) DEFAULT NULL,
  `idPartenaire` int(11) NOT NULL,
  PRIMARY KEY (`idGain`),
  KEY `fk_gain_partenaire1_idx` (`idPartenaire`)
) ENGINE=InnoDB  DEFAULT CHARSET=latin1 AUTO_INCREMENT=5 ;

--
-- Contenu de la table `gain`
--

INSERT INTO `gain` (`idGain`, `libelle`, `information`, `idPartenaire`) VALUES
(1, 'un café machiatto', 'du café avec du sucre valable ce jour', 2),
(2, 'un café noir', 'le célèbre petit noir', 2),
(3, 'une réduction de 10€', 'sur un produit TER acheté dans cette gare', 1),
(4, 'une clé usb', 'd''une capacité de 8Go', 1);

-- --------------------------------------------------------

--
-- Structure de la table `gare`
--

DROP TABLE IF EXISTS `gare`;
CREATE TABLE IF NOT EXISTS `gare` (
  `idGare` int(11) NOT NULL AUTO_INCREMENT,
  `uic` varchar(45) NOT NULL,
  `nomgare` varchar(255) NOT NULL,
  `region` varchar(255) DEFAULT NULL,
  `dept` varchar(255) DEFAULT NULL,
  `ville` varchar(255) NOT NULL,
  `codepost` bigint(20) DEFAULT NULL,
  `tvs` varchar(45) DEFAULT NULL,
  `Xcoord` bigint(20) DEFAULT NULL,
  `Ycoord` bigint(20) DEFAULT NULL,
  PRIMARY KEY (`idGare`)
) ENGINE=InnoDB  DEFAULT CHARSET=latin1 AUTO_INCREMENT=858 ;

--
-- Contenu de la table `gare`
--

INSERT INTO `gare` (`idGare`, `uic`, `nomgare`, `region`, `dept`, `ville`, `codepost`, `tvs`, `Xcoord`, `Ycoord`) VALUES
(1, '123', 'Orchies', NULL, NULL, '', NULL, 'OCH', NULL, NULL),
(3, '87594234', 'Allassac', 'Limousin', NULL, 'Allassac', 19240, 'AAA', 532222, 2029089),
(4, '87783266', 'Aumont Aubrac', 'Languedoc-Roussillon', NULL, 'Aumont-Aubrac', 48130, 'AAU', 675060, 1969042),
(5, '87317362', 'Abbeville', 'Picardie', NULL, 'Abbeville', 80100, 'ABB', 563312, 2567490),
(6, '87746115', 'Albens', 'Rhône-Alpes', NULL, 'Albens', 73410, 'ABN', 880786, 2093765),
(7, '87313759', 'Abancourt', 'Picardie', NULL, 'Abancourt', 60220, 'ABT', 559375, 2521123),
(8, '87172858', 'Anchamps', 'Champagne-Ardenne', NULL, 'Revin', 8500, 'ACP', 767869, 2550724),
(9, '87741256', 'Aiguebelle', 'Rhône-Alpes', NULL, 'Aiguebelle', 73220, 'AEB', 909969, 2068191),
(10, '87726760', 'Aurec', 'Auvergne', NULL, 'Aurec-sur-Loire', 43110, 'AEC', 745867, 2042911),
(11, '87386730', 'Aubergenville ', 'Île-de-France', NULL, 'Aubergenville', 78410, 'AEH', 564248, 2441642),
(12, '87613075', 'Assier', 'Midi-Pyrénées', NULL, 'Assier', 46306, 'AER', 562965, 1963859),
(13, '87597120', 'Argenton-sur-Creuse', 'Centre', NULL, 'Argenton-sur-Creuse', 0, 'AGC', 537299, 2177238),
(14, '87781278', 'Agde', 'Languedoc-Roussillon', NULL, 'Agde', 0, 'AGD', 691772, 1813463),
(15, '87586008', 'Agen', 'Aquitaine', NULL, 'Agen', 47000, 'AGN', 462764, 1913359),
(16, '87741421', 'Aiguebelette-le-Lac', 'Rhône-Alpes', NULL, 'Lépin-le-Lac', 73610, 'AGQ', 871492, 2065548),
(17, '87611384', 'Auterive', 'Midi-Pyrénées', NULL, 'Auterive', 31190, 'AIE', 529513, 1816673),
(18, '87741132', 'Aix les Bains le Revard', 'Rhône-Alpes', NULL, 'Aix-les-Bains', 73105, 'AIX', 878237, 2082714),
(19, '87722744', 'Ala', 'Rhône-Alpes', NULL, 'Tassin-la-Demi-Lune', 69160, 'ALA', 789460, 2086449),
(20, '87615005', 'Albi', 'Midi-Pyrénées', NULL, 'Albi', 81000, 'ALB', 584086, 1880077),
(21, '87775288', 'Al', 'Languedoc-Roussillon', NULL, 'Alès', 30100, 'ALE', 740037, 1904536),
(22, '87182238', 'Altkirch', 'Alsace', NULL, 'Altkirch', 68118, 'ALK', 968236, 2303412),
(23, '87615195', 'Albi Madeleine', 'Midi-Pyrénées', NULL, 'Albi', 81000, 'ALM', 584294, 1881841),
(24, '87444711', 'Alen', 'Rouen', NULL, 'Alençon', 61000, 'ALN', 434407, 2384019),
(25, '87741645', 'Albertville', 'Rhône-Alpes', NULL, 'Albertville', 73200, 'ALV', 915195, 2082873),
(26, '87743716', 'Amb', 'Rhône-Alpes', NULL, 'Ambérieu-en-Bugey', 1500, 'AMB', 832971, 2110427),
(27, '87721035', 'Amplepuis', 'Rhône-Alpes', NULL, 'Amplepuis', 0, 'AMP', 754228, 2109814),
(28, '87574343', 'Amboise', 'Centre', NULL, 'Amboise', 37400, 'AMQ', 497745, 2269968),
(29, '87784231', 'Argel', 'Languedoc-Roussillon', NULL, 'Argelès-sur-Mer', 66700, 'AMR', 656404, 1726925),
(30, '87313874', 'Amiens', 'Picardie', NULL, 'Amiens', 80000, 'AMS', 597957, 2543793),
(31, '87481192', 'Ancenis', 'Pays de la Loire', NULL, 'Ancenis', 44150, 'ANC', 334683, 2269242),
(32, '87745497', 'Annemasse', 'Rhône-Alpes', NULL, 'Annemasse', 74100, 'ANE', 900867, 2140693),
(33, '87583005', 'Angoul', 'Poitou-Charentes', NULL, 'Angoulême', 16160, 'ANG', 430710, 2074961),
(34, '87741769', 'Aime - La Plagne', 'Rhône-Alpes', NULL, 'Aime', 73210, 'ANJ', 936590, 2070786),
(35, '87721324', 'Anse', 'Rhône-Alpes', NULL, 'Anse', 69480, 'ANS', 784783, 2107143),
(36, '87746008', 'Annecy', 'Rhône-Alpes', NULL, 'Annecy', 74000, 'ANY', 893625, 2107269),
(37, '87726406', 'Andr', 'Rhône-Alpes', NULL, 'Andrézieux-Bouthéon', 42160, 'ANZ', 749903, 2059757),
(38, '87582668', 'Arcachon', 'Aquitaine', NULL, 'Arcachon', 33120, 'ARC', 322184, 1968198),
(39, '87444539', 'Argentan', 'Rouen', NULL, 'Argentan', 61200, 'ARG', 426194, 2418165),
(40, '87144410', 'Arches', 'Lorraine', NULL, 'Arches', 88380, 'ARH', 911965, 2355072),
(41, '87172122', 'Aubrives', 'Champagne-Ardenne', NULL, 'Aubrives', 8320, 'ARI', 773692, 2570211),
(42, '87342014', 'Arras', 'Nord-Pas-de-Calais', NULL, 'Arras', 62000, 'ARR', 631745, 2588030),
(43, '87753657', 'Arles', 'Provence-Alpes-Côte-d''Azur', NULL, 'Arles', 13200, 'ARS', 785301, 1856375),
(44, '87734251', 'Arvant', 'Auvergne', NULL, 'Bournoncle-Saint-Pierre', 43360, 'ARV', 676315, 2041018),
(45, '87476200', 'Auray', 'Bretagne', NULL, 'Auray', 0, 'ARY', 199612, 2311455),
(46, '87484006', 'Angers Saint-Laud', 'Pays de la Loire', NULL, 'Angers', 49100, 'ASL', 381908, 2277883),
(47, '87757674', 'Antibes', 'Provence-Alpes-Côte-d''Azur', NULL, 'Antibes', 0, 'ATB', 986592, 1854413),
(48, '87645002', 'Aurillac', 'Auvergne', NULL, 'Aurillac', 15000, 'AUC', 607819, 1991148),
(49, '87611749', 'Auch', 'Midi-Pyrénées', NULL, 'Auch', 32000, 'AUH', 459401, 1851030),
(50, '87562421', 'Aulnat A', 'Auvergne', NULL, 'Aulnat', 63510, 'AUL', 664126, 2088319),
(51, '87683573', 'Auxerre Saint-Gervais', 'Bourgogne', NULL, 'Auxerre', 0, 'AUX', 693565, 2311651),
(52, '87613224', 'Aubin', 'Midi-Pyrénées', NULL, 'Aubin', 12110, 'AVB', 592284, 1947382),
(53, '87765008', 'Avignon Centre', 'Provence-Alpes-Côte-d''Azur', NULL, 'Avignon', 84000, 'AVI', 798384, 1885378),
(54, '87318964', 'Avignon TGV', 'Provence-Alpes-Côte-d''Azur', NULL, 'Avignon', 13870, 'AVV', 796918, 1883116),
(55, '87611533', 'Ax les Thermes', 'Midi-Pyrénées', NULL, 'Ax-les-Thermes', 9110, 'AXN', 558684, 1746952),
(56, '87713347', 'Auxonne', 'Franche-Comté', NULL, 'Tillenay', 21130, 'AXO', 830346, 2248135),
(57, '87751404', 'Aix en Provence', 'Provence-Alpes-Côte-d''Azur', NULL, 'Aix-en-Provence', 13090, 'AXP', 851638, 1840624),
(58, '87319012', 'Aix en provence TGV', 'Provence-Alpes-Côte-d''Azur', NULL, 'Aix-en-Provence', 13170, 'AXV', 841563, 1832693),
(59, '87439554', 'Vitrolles A', 'Provence-Alpes-Côte-d''Azur', NULL, 'Vitrolles', 13127, 'AYD', 835123, 1831042),
(60, '87295600', 'Aulnoyes Aymeries', 'Nord-Pas-de-Calais', NULL, 'Aulnoye-Aymeries', 59620, 'AYE', 707759, 2579001),
(61, '87313098', 'Ailly sur Somme', 'Picardie', NULL, 'Ailly-sur-Somme', 80470, 'AYS', 590226, 2548013),
(62, '87141408', 'Azerailles', 'Lorraine', NULL, 'Azerailles', 54122, 'AZE', 922177, 2396987),
(63, '87783324', 'Banassac la Canourgue', 'Languedoc-Roussillon', NULL, 'Banassac', 0, 'BAA', 668476, 1938887),
(64, '87745596', 'Bons en Chablais', 'Rhône-Alpes', NULL, 'Bons-en-Chablais', 74890, 'BAB', 910467, 2149057),
(65, '87141416', 'Baccarat', 'Lorraine', NULL, 'Baccarat', 0, 'BAC', 925958, 2392854),
(66, '87212134', 'Brumath', 'Alsace', NULL, 'Brumath', 67170, 'BAH', 994456, 2428409),
(67, '87784298', 'Banyuls sur Mer', 'Languedoc-Roussillon', NULL, 'Banyuls-sur-Mer', 66650, 'BAN', 664947, 1720174),
(68, '87214247', 'Barr', 'Alsace', NULL, 'Barr', 67140, 'BAR', 978956, 2390646),
(69, '87444067', 'Bayeux', 'Basse-Normandie', NULL, 'Bayeux', 14400, 'BAY', 379054, 2478907),
(70, '87726869', 'Balbigny', 'Rhône-Alpes', NULL, 'Balbigny', 42510, 'BBY', 743833, 2092525),
(71, '87713545', 'Beaune', 'Bourgogne', NULL, 'Beaune', 21200, 'BEA', 790911, 2227839),
(72, '87781609', 'B', 'Languedoc-Roussillon', NULL, 'Bédarieux', 34600, 'BED', 665681, 1845419),
(73, '87317586', 'Boulogne', 'Nord-Pas-de-Calais', NULL, 'Boulogne-sur-Mer', 62200, 'BEM', 548562, 2635971),
(74, '87342006', 'B', 'Nord-Pas-de-Calais', NULL, 'Béthune', 62131, 'BET', 621597, 2614130),
(75, '87696088', 'Briare', 'Centre', NULL, 'Briare', 45250, 'BEW', 629840, 2294183),
(76, '87444299', 'Bernay', 'Rouen', NULL, 'Bernay', 27300, 'BEY', 472769, 2455743),
(77, '87300822', 'Belfort - Montb', 'Franche-Comté', NULL, 'Meroux', 90400, 'BFB', 942990, 2297402),
(78, '87300863', 'Besan', 'Franche-Comté', NULL, 'UP 2.2 Val des Salines', 25480, 'BFC', 873488, 2262710),
(79, '87214122', 'Benfeld', 'Alsace', NULL, 'Benfeld', 67230, 'BFD', 988597, 2387948),
(80, '87214296', 'Bischoffsheim', 'Alsace', NULL, 'Bischoffsheim', 67870, 'BFH', 981374, 2400087),
(81, '87184002', 'Belfort', 'Franche-Comté', NULL, 'Belfort', 90, 'BFT', 939318, 2302383),
(82, '87743005', 'Bourg en Bresse', 'Rhône-Alpes', NULL, 'Bourg-en-Bresse', 1000, 'BGB', 822104, 2137395),
(83, '87745000', 'Bellegarde', 'Rhône-Alpes', NULL, 'Bellegarde-sur-Valserine', 1200, 'BGD', 869488, 2129256),
(84, '87722728', 'Brignais - Pas d''Arriv', 'Rhône-Alpes', NULL, 'Brignais', 69530, 'BGN', 789103, 2077748),
(85, '87576207', 'Bourges', 'Centre', NULL, 'Bourges', 18000, 'BGS', 604380, 2232698),
(86, '87574160', 'Beaugency', 'Centre', NULL, 'Beaugency', 45190, 'BGY', 546745, 2309009),
(87, '87182659', 'Breitenbach', 'Alsace', NULL, 'Breitenbach-Haut-Rhin', 68140, 'BHH', 955374, 2347334),
(88, '87213611', 'Bischwiller', 'Alsace', NULL, 'Bischwiller', 67240, 'BHW', 1005308, 2432788),
(89, '87673400', 'Biarritz', 'Aquitaine', NULL, 'Biarritz', 64200, 'BIZ', 285421, 1836358),
(90, '87175042', 'Bar le Duc', 'Lorraine', NULL, 'Bar-le-Duc', 55000, 'BLD', 808106, 2423210),
(91, '87594002', 'Brive la Gaillarde', 'Limousin', NULL, 'Brive-la-Gaillarde', 19100, 'BLG', 536449, 2017215),
(92, '87734244', 'Brassac les Mines - Sainte-Florine', 'Auvergne', NULL, 'Brassac-les-Mines', 63570, 'BLM', 677770, 2046452),
(93, '87574004', 'Blois', 'Centre', NULL, 'Blois', 41000, 'BLO', 523820, 2287809),
(94, '87387183', 'Beaumont le Roger', 'Haute-Normandie', NULL, 'Beaumont-le-Roger', 27170, 'BLR', 485668, 2454046),
(95, '87726778', 'Bas Monistrol', 'Auvergne', NULL, 'Bas-en-Basset', 43210, 'BMO', 741455, 2034640),
(96, '87723544', 'Beynost', 'Rhône-Alpes', NULL, 'Beynost', 1700, 'BNO', 807441, 2096146),
(97, '87415893', 'Bonni', 'Île-de-France', NULL, 'Bonnières-sur-Seine', 78270, 'BNR', 544763, 2449214),
(98, '87747451', 'Brignoud', 'Rhône-Alpes', NULL, 'Villard-Bonnot', 38190, 'BNU', 879764, 2035448),
(99, '87718007', 'Besan', 'Franche-Comté', NULL, 'Besançon', 25000, 'BNV', 878875, 2256235),
(100, '87726216', 'Bouth', 'Rhône-Alpes', NULL, 'Andrézieux-Bouthéon', 42160, 'BOH', 751648, 2060127),
(101, '87746339', 'Bonneville', 'Rhône-Alpes', NULL, 'Bonneville', 74130, 'BON', 915449, 2127910),
(102, '87757757', 'Le Bosquet', 'Provence-Alpes-Côte-d''Azur', NULL, 'Cannes', 6150, 'BQJ', 975676, 1849944),
(103, '87611095', 'Boussens', 'Midi-Pyrénées', NULL, 'Boussens', 0, 'BQY', 488918, 1798383),
(104, '87615054', 'Bram', 'Languedoc-Roussillon', NULL, 'Bram', 11150, 'BRA', 582343, 1804608),
(105, '87734269', 'Brioude', 'Auvergne', NULL, 'Brioude', 43100, 'BRD', 681753, 2033892),
(106, '87756833', 'Breil-sur-Roya', 'Provence-Alpes-Côte-d''Azur', NULL, 'Breil-sur-Roya', 6540, 'BRE', 1016012, 1896216),
(107, '87723429', 'Bourgoin-Jallieu', 'Rhône-Alpes', NULL, 'Bourgoin-Jallieu', 38300, 'BRG', 829164, 2069123),
(108, '87763607', 'Brian', 'Provence-Alpes-Côte-d''Azur', NULL, 'Briançon', 5100, 'BRI', 939383, 1996952),
(109, '87144154', 'Bruy', 'Lorraine', NULL, 'Bruyères', 88600, 'BRK', 925656, 2365263),
(110, '87276444', 'Boran-sur-Oise', 'Picardie', NULL, 'Boran-sur-Oise', 60820, 'BRN', 601899, 2463271),
(111, '87474007', 'Brest', 'Bretagne', NULL, 'Brest', 29200, 'BRT', 95718, 2398457),
(112, '87741793', 'Bourg Saint-Maurice', 'Rhône-Alpes', NULL, 'Bourg-Saint-Maurice', 73700, 'BSM', 945747, 2078438),
(113, '87726414', 'Bonson - Pas d''Arriv', 'Rhône-Alpes', NULL, 'Bonson', 42160, 'BSN', 746859, 2059729),
(114, '87696336', 'Bessay', 'Auvergne', NULL, 'Bessay-sur-Allier', 0, 'BSS', 678680, 2160829),
(115, '87296244', 'Busigny', 'Nord-Pas-de-Calais', NULL, 'Busigny', 59137, 'BSY', 679624, 2560946),
(116, '87413344', 'Br', 'Rouen', NULL, 'Bréauté', 76110, 'BTB', 461125, 2513536),
(117, '87182113', 'Bartenheim', 'Alsace', NULL, 'Bartenheim', 68870, 'BTK', 986832, 2305483),
(118, '87387092', 'Bueil', 'Haute-Normandie', NULL, 'Garennes-sur-Eure', 27780, 'BUE', 534543, 2436689),
(119, '87381624', 'Br', 'Île-de-France', NULL, 'Bréval', 78980, 'BVA', 541716, 2438619),
(120, '87721357', 'Belleville sur Sa', 'Rhône-Alpes', NULL, 'Belleville', 69220, 'BVL', 784917, 2126341),
(121, '87581009', 'Bordeaux Saint-Jean', 'Aquitaine', NULL, 'Bordeaux', 33800, 'BXJ', 371173, 1984856),
(122, '87611822', 'Brax L', 'Midi-Pyrénées', NULL, 'Brax', 31490, 'BXL', 511142, 1846476),
(123, '87673004', 'Bayonne', 'Aquitaine', NULL, 'Bayonne', 64100, 'BYE', 291744, 1840213),
(124, '87141218', 'Bayon', 'Lorraine', NULL, 'Virecourt', 54290, 'BYN', 894750, 2392943),
(125, '87172049', 'Bogny-sur-Meuse', 'Champagne-Ardenne', NULL, 'Bogny-sur-Meuse', 8120, 'BYU', 774710, 2542916),
(126, '87448084', 'Briouze', 'Basse-Normandie', NULL, 'Briouze', 61220, 'BZN', 400921, 2414922),
(127, '87781005', 'B', 'Languedoc-Roussillon', NULL, 'Béziers', 34500, 'BZS', 671566, 1816325),
(128, '87171462', 'Bazancourt', 'Champagne-Ardenne', NULL, 'Bazancourt', 51110, 'BZT', 733583, 2486391),
(129, '87444000', 'Caen', 'Basse-Normandie', NULL, 'Caen', 14000, 'CAE', 404136, 2467647),
(130, '87172353', 'Carignan Gare', 'Champagne-Ardenne', NULL, 'Linay', 0, 'CAG', 804786, 2518302),
(131, '87613000', 'Cahors', 'Midi-Pyrénées', NULL, 'Cahors', 46000, 'CAH', 528046, 1939094),
(132, '87345520', 'Cambrai', 'Nord-Pas-de-Calais', NULL, 'Cambrai', 59400, 'CAM', 664733, 2576033),
(133, '87757625', 'Cannes', 'Provence-Alpes-Côte-d''Azur', NULL, 'Cannes', 6407, 'CAN', 978747, 1850387),
(134, '87447243', 'Carentan', 'Basse-Normandie', NULL, 'Carentan', 50500, 'CAR', 339602, 2484173),
(135, '87345561', 'Caudry', 'Nord-Pas-de-Calais', NULL, 'Caudry', 59225, 'CAU', 676889, 2568921),
(136, '87444877', 'Cherbourg', 'Basse-Normandie', NULL, 'Cherbourg-Octeville', 50100, 'CBU', 313878, 2522377),
(137, '87484204', 'Chalonnes', 'Pays de la Loire', NULL, 'Chalonnes-sur-Loire', 49290, 'CCE', 367305, 2264929),
(138, '87387159', 'Conches', 'Haute-Normandie', NULL, 'Conches-en-Ouche', 27190, 'CCH', 497606, 2441373),
(139, '87208553', 'Casino Lacroix Laval', 'Rhône-Alpes', NULL, 'La Tour-de-Salvagny', 69890, 'CCL', 786160, 2090337),
(140, '87447110', 'Coutances', 'Basse-Normandie', NULL, 'Coutances', 50200, 'CCS', 323735, 2456058),
(141, '87613109', 'Capdenac', 'Midi-Pyrénées', NULL, 'Capdenac-Gare', 12700, 'CDC', 579523, 1953004),
(142, '87396606', 'Ch', 'Pays de la Loire', NULL, 'Château-du-Loir', 72500, 'CDL', 455743, 2299962),
(143, '87313304', 'Clermont de l''Oise', 'Picardie', NULL, 'Clermont', 60600, 'CDO', 605865, 2487543),
(144, '87594382', 'Condat le Lardin', 'Aquitaine', NULL, 'Le Lardin-Saint-Lazare', 24570, 'CDT', 512657, 2014632),
(145, '87144071', 'Ch', 'Lorraine', NULL, 'Nomexy', 88440, 'CEO', 900485, 2375313),
(146, '87785006', 'Cerb', 'Languedoc-Roussillon', NULL, 'Cerbère', 66290, 'CER', 668383, 1715770),
(147, '87171926', 'Champagne Ardenne TGV', 'Champagne-Ardenne', NULL, 'Sacy', 51430, 'CGV', 720473, 2469471),
(148, '87576298', 'Ch', 'Centre', NULL, 'Châteauneuf-sur-Cher', 0, 'CHC', 597993, 2206307),
(149, '87484246', 'Chemill', 'Pays de la Loire', NULL, 'Chemillé-Melay', 49120, 'CHE', 367642, 2250964),
(150, '87394007', 'Chartres', 'Centre', NULL, 'Chartres', 28026, 'CHH', 536694, 2383602),
(151, '87142000', 'Chaumont', 'Champagne-Ardenne', NULL, 'Chaumont', 52000, 'CHM', 808341, 2349293),
(152, '87763425', 'Chorges - Pas d''Arriv', 'Provence-Alpes-Côte-d''Azur', NULL, 'Chorges', 5230, 'CHO', 912815, 1957248),
(153, '87484303', 'Cholet', 'Pays de la Loire', NULL, 'Cholet', 49309, 'CHT', 356546, 2234512),
(154, '87746784', 'Chamonix-Mont-Blanc', 'Rhône-Alpes', NULL, 'Chamonix-Mont-Blanc', 74400, 'CHX', 951801, 2112650),
(155, '87713578', 'Chagny', 'Bourgogne', NULL, 'Chagny', 71150, 'CHY', 783799, 2214767),
(156, '87723452', 'Cessieu', 'Rhône-Alpes', NULL, 'Cessieu', 0, 'CIU', 837240, 2066902),
(157, '87747212', 'Chabons', 'Rhône-Alpes', NULL, 'Châbons', 38690, 'CKN', 841870, 2053418),
(158, '87734004', 'Clermont Ferrand', 'Auvergne', NULL, 'Clermont-Ferrand', 63000, 'CLF', 659417, 2086762),
(159, '87276006', 'Creil', 'Picardie', NULL, 'Creil', 60100, 'CLH', 609665, 2474016),
(160, '87481440', 'Clisson', 'Pays de la Loire', NULL, 'Clisson', 44190, 'CLI', 325026, 2238136),
(161, '87723502', 'Cr', 'Rhône-Alpes', NULL, 'Rillieux-la-Pape', 69140, 'CLP', 798681, 2092521),
(162, '87481390', 'Challans', 'Pays de la Loire', NULL, 'Challans', 85300, 'CLS', 279189, 2213495),
(163, '87746370', 'Cluses', 'Rhône-Alpes', NULL, 'Cluses', 74300, 'CLU', 928385, 2126782),
(164, '87174003', 'Ch', 'Champagne-Ardenne', NULL, 'Châlons-en-Champagne', 51520, 'CMP', 747458, 2441588),
(165, '87182014', 'Colmar', 'Alsace', NULL, 'Colmar', 68000, 'CMR', 973186, 2353357),
(166, '87615625', 'Carmaux', 'Midi-Pyrénées', NULL, 'Carmaux', 81400, 'CMX', 585225, 1894197),
(167, '87641415', 'Commentry', 'Auvergne', NULL, 'Malicorne', 0, 'CMY', 631085, 2143976),
(168, '87172007', 'Charleville M', 'Champagne-Ardenne', NULL, 'Charleville-Mézières', 8000, 'CMZ', 772248, 2532697),
(169, '87611574', 'Les Cabannes', 'Midi-Pyrénées', NULL, 'Les Cabannes', 9310, 'CNB', 546662, 1753914),
(170, '87615286', 'Carcassonne', 'Languedoc-Roussillon', NULL, 'Carcassonne', 11890, 'CNE', 601246, 1801691),
(171, '87566919', 'Lentilly Charpenay', 'Rhône-Alpes', NULL, 'Lentilly', 69890, 'CNJ', 782210, 2093402),
(172, '87783340', 'Campagnac Saint-Geniez', 'Midi-Pyrénées', NULL, 'Campagnac', 12560, 'CNT', 658141, 1935946),
(173, '87296616', 'Chauny', 'Picardie', NULL, 'Chauny', 2300, 'CNY', 664106, 2512935),
(174, '87611061', 'Carbonne', 'Midi-Pyrénées', NULL, 'Carbonne', 31390, 'COA', 508634, 1811302),
(175, '87721225', 'Collonges - Fontaines', 'Rhône-Alpes', NULL, 'Collonges-au-Mont-d''Or', 69660, 'COF', 795012, 2095204),
(176, '87491449', 'Cognac', 'Poitou-Charentes', NULL, 'Cognac', 16100, 'COG', 392593, 2079528),
(177, '87611467', 'Colomiers', 'Midi-Pyrénées', NULL, 'Colomiers', 31770, 'COL', 518898, 1845169),
(178, '87782607', 'Clermont La Pardieu', 'Auvergne', NULL, 'Clermont-Ferrand', 63170, 'COP', 662050, 2085497),
(179, '87781542', 'Ceilhe -Roqu', 'Languedoc-Roussillon', NULL, 'Roqueredonde', 0, 'COQ', 665953, 1868174),
(180, '87696146', 'Cosne sur Loire', 'Bourgogne', NULL, 'Cosne-Cours-sur-Loire', 58440, 'COS', 644942, 2268432),
(181, '87584516', 'Coutras', 'Aquitaine', NULL, 'Coutras', 0, 'COU', 405495, 2007058),
(182, '87784256', 'Collioure', 'Languedoc-Roussillon', NULL, 'Collioure', 66190, 'COX', 661134, 1725068),
(183, '87276691', 'Compi', 'Picardie', NULL, 'Compiègne', 60200, 'CPE', 635365, 2491732),
(184, '87722710', 'Chaponost - VIDES', 'Rhône-Alpes', NULL, 'Chaponost', 69630, 'CPT', 789052, 2080458),
(185, '87721530', 'Charbonni', 'Rhône-Alpes', NULL, 'Charbonnières-les-Bains', 69260, 'CRB', 786565, 2089719),
(186, '87761783', 'Crest', 'Rhône-Alpes', NULL, 'Crest', 0, 'CRE', 812334, 1973548),
(187, '87741009', 'Chamb', 'Rhône-Alpes', NULL, 'Chambéry', 73002, 'CRL', 879642, 2069779),
(188, '87575142', 'Ch', 'Poitou-Charentes', NULL, 'Châtellerault', 86100, 'CRT', 463660, 2203631),
(189, '87286716', 'Croix - Wasquehal', 'Nord-Pas-de-Calais', NULL, 'Wasquehal', 59290, 'CRW', 656785, 2631892),
(190, '87613232', 'Cransac', 'Midi-Pyrénées', NULL, 'Cransac', 12110, 'CRZ', 594766, 1946902),
(191, '87613356', 'Caussade (Tarn-et-Garonne)', 'Midi-Pyrénées', NULL, 'Caussade', 82300, 'CSD', 535703, 1907110),
(192, '87741231', 'Chamousset', 'Rhône-Alpes', NULL, 'Chamousset', 73390, 'CSK', 902068, 2069338),
(193, '87722561', 'Chasse-sur-Rh', 'Rhône-Alpes', NULL, 'Chasse-sur-Rhône', 38670, 'CSR', 791845, 2067667),
(194, '87725002', 'Chalon sur Sa', 'Bourgogne', NULL, 'Chalon-sur-Saône', 71100, 'CSS', 791390, 2201008),
(195, '87317263', 'Calais', 'Nord-Pas-de-Calais', NULL, 'Calais', 62100, 'CSV', 565781, 2662365),
(196, '87116582', 'Ch', 'Picardie', NULL, 'Château-Thierry', 2400, 'CTH', 678485, 2449435),
(197, '87485110', 'Ch', 'Poitou-Charentes', NULL, 'Châtelaillon-Plage', 17690, 'CTL', 334945, 2125601),
(198, '87615468', 'Castres', 'Midi-Pyrénées', NULL, 'Castres', 81710, 'CTR', 591323, 1843987),
(199, '87597005', 'Ch', 'Centre', NULL, 'Châteauroux', 36000, 'CTX', 551381, 2201295),
(200, '87615039', 'Castelnaudary', 'Languedoc-Roussillon', NULL, 'Castelnaudary', 11400, 'CTY', 568666, 1812333),
(201, '87741074', 'Culoz', 'Rhône-Alpes', NULL, 'Culoz', 1350, 'CUZ', 867313, 2099516),
(202, '87741116', 'Chindrieux', 'Rhône-Alpes', NULL, 'Chindrieux', 73310, 'CWX', 872805, 2095331),
(203, '87181222', 'Colmar Saint-Joseph', 'Alsace', NULL, '', 68000, 'CXJ', 972986, 2354387),
(204, '87402297', 'Colmar M', 'Alsace', NULL, 'Colmar', 68124, 'CXM', 972112, 2354798),
(205, '87142125', 'Culmont - Chalindrey', 'Champagne-Ardenne', NULL, 'Culmont', 52600, 'CYN', 832636, 2316909),
(206, '87594119', 'Corr', 'Limousin', NULL, 'Saint-Priest-de-Gimel', 19800, 'CZE', 564232, 2036643),
(207, '87611079', 'Caz', 'Midi-Pyrénées', NULL, 'Cazères', 331220, 'CZG', 497938, 1801970),
(208, '87734160', 'Le Cendre Orcet', 'Auvergne', NULL, 'Le Cendre', 63670, 'CZJ', 666340, 2080747),
(209, '87721746', 'Civrieux-d''Azergues', 'Rhône-Alpes', NULL, 'Civrieux-d''Azergues', 69380, 'CZK', 784937, 2098236),
(210, '87721415', 'Chazay - Marcilly', 'Rhône-Alpes', NULL, 'Marcilly-d''Azergues', 69380, 'CZM', 785439, 2099815),
(211, '87672139', 'Coarraze Nay', 'Aquitaine', NULL, 'Coarraze', 64800, 'CZN', 390035, 1801143),
(212, '87316075', 'Dreuil-l', 'Picardie', NULL, 'Dreuil-lès-Amiens', 80730, 'DAS', 592398, 2546473),
(213, '87673202', 'Dax', 'Aquitaine', NULL, 'Saint-Paul-lès-Dax', 40100, 'DAX', 326809, 1863545),
(214, '87214551', 'Dachstein', 'Alsace', NULL, 'Dachstein', 67120, 'DCN', 983574, 2406479),
(215, '87721449', 'Dardilly le Jubin', 'Rhône-Alpes', NULL, 'Dardilly', 69570, 'DDJ', 788418, 2093461),
(216, '87721480', 'Dardilly les Mouilles', 'Rhône-Alpes', NULL, 'Dardilly', 65970, 'DDY', 788394, 2091397),
(217, '87212183', 'Dettwiller', 'Alsace', NULL, 'Dettwiller', 67490, 'DEE', 977030, 2429358),
(218, '87415018', 'Dieppe', 'Haute-Normandie', NULL, 'Dieppe', 76200, 'DEV', 509727, 2547935),
(219, '87214338', 'Dorlisheim', 'Alsace', NULL, 'Dorlisheim', 67870, 'DHM', 980755, 2404255),
(220, '87761841', 'Die', 'Rhône-Alpes', NULL, 'Die', 26150, 'DIE', 839710, 1977660),
(221, '87713008', 'Dijon Porte Neuve', 'Bourgogne', NULL, 'Dijon', 21000, 'DJP', 805441, 2261671),
(222, '87713040', 'Dijon', 'Bourgogne', NULL, 'Dijon', 21000, 'DJV', 803355, 2261667),
(223, '87281006', 'Dunkerque', 'Nord-Pas-de-Calais', NULL, 'Dunkerque', 59140, 'DKQ', 602284, 2670846),
(224, '87713412', 'Dole', 'Franche-Comté', NULL, 'Paroisse Notre-Dame', 39100, 'DLE', 839172, 2237719),
(225, '87721738', 'Dommartin - Lissieu', 'Rhône-Alpes', NULL, 'Dommartin', 69890, 'DLU', 786058, 2097009),
(226, '87764290', 'Donz', 'Rhône-Alpes', NULL, 'Donzère', 26290, 'DOE', 788662, 1940797),
(227, '87345009', 'Douai', 'Nord-Pas-de-Calais', NULL, 'Douai', 59500, 'DOI', 653703, 2597654),
(228, '87478073', 'Dol de Bretagne', 'Bretagne', NULL, 'Dol-de-Bretagne', 35120, 'DOL', 298252, 2401654),
(229, '87286435', 'Don Sainghin', 'Nord-Pas-de-Calais', NULL, 'Sainghin-en-Weppes', 59272, 'DON', 641052, 2617615),
(230, '87393488', 'Dreux', 'Centre', NULL, 'Dreux', 28100, 'DRX', 528881, 2415213),
(231, '87214544', 'Duttlenheim', 'Alsace', NULL, 'Ernolsheim-Bruche', 67120, 'DTM', 985999, 2406913),
(232, '87214536', 'Duppigheim', 'Alsace', NULL, 'Duppigheim', 67980, 'DUP', 987689, 2406848),
(233, '87172064', 'Deville', 'Champagne-Ardenne', NULL, 'Deville', 0, 'DVI', 770586, 2545140),
(234, '87696484', 'Decize', 'Bourgogne', NULL, 'Decize', 58300, 'DZE', 686249, 2204775),
(235, '87214106', 'Ebersheim', 'Alsace', NULL, 'Ebersheim', 67600, 'EBH', 982425, 2380442),
(236, '87723718', 'Les ', 'Rhône-Alpes', NULL, 'Miribel', 69140, 'ECH', 799828, 2100421),
(237, '87396564', 'Ecommoy', 'Pays de la Loire', NULL, 'Écommoy', 72220, 'ECO', 445200, 2315940),
(238, '87710731', 'Ecole-Valentin', 'Adrar - ?????', NULL, '', 0, 'ECV', 0, 0),
(239, '87721506', '', 'Rhône-Alpes', NULL, 'Tassin-la-Demi-Lune', 69160, 'ECY', 790016, 2087996),
(240, '87214148', 'Erstein', 'Alsace', NULL, 'Erstein', 67150, 'EEN', 992245, 2393685),
(241, '87594168', 'Egletons', 'Limousin', NULL, 'Égletons', 19300, 'EGL', 578747, 2044688),
(242, '87725895', 'Echirolles', 'Rhône-Alpes', NULL, 'Échirolles', 38130, 'EHR', 866053, 2022630),
(243, '87784207', 'Elne - Pas d''Arriv', 'Languedoc-Roussillon', NULL, 'Elne', 66200, 'ELN', 651582, 1732834),
(244, '87144006', 'Epinal', 'Lorraine', NULL, 'Paroisse Saint-Goéry', 88190, 'ELP', 905199, 2361187),
(245, '87144436', '', 'Lorraine', NULL, 'Éloyes', 88510, 'ELS', 917521, 2351717),
(246, '87763466', 'Embrun', 'Provence-Alpes-Côte-d''Azur', NULL, 'Embrun', 0, 'EMB', 930532, 1960527),
(247, '87214528', 'Entzheim', 'Alsace', NULL, 'Holtzheim', 67810, 'ENZ', 990529, 2407377),
(248, '87386763', '', 'Île-de-France', NULL, 'Épône', 78680, 'EPO', 561370, 2440697),
(249, '87171553', 'Epernay', 'Champagne-Ardenne', NULL, 'Épernay', 51200, 'EPR', 718769, 2451055),
(250, '87722579', 'Estressin', 'Rhône-Alpes', NULL, 'Vienne', 38200, 'ESN', 797723, 2063169),
(251, '87317065', 'Etaples le Touquet', 'Nord-Pas-de-Calais', NULL, 'Étaples', 62780, 'ETA', 550680, 2613781),
(252, '87745679', 'Evian les Bains', 'Rhône-Alpes', NULL, 'Évian-les-Bains', 0, 'EVI', 925966, 2164104),
(253, '87387001', 'Evreux Normandie', 'Haute-Normandie', NULL, 'Évreux', 27000, 'EVX', 513153, 2447374),
(254, '87641241', 'Eygurande-Merlines', 'Limousin', NULL, 'Merlines', 19340, 'EYG', 609701, 2071671),
(255, '87582478', 'Biganos-Facture', 'Aquitaine', NULL, 'Biganos', 33380, 'FAT', 337889, 1965132),
(256, '87313742', 'Feuqui', 'Picardie', NULL, 'Monceaux-l''Abbaye', 60220, 'FBS', 563456, 2517607),
(257, '87172874', 'F', 'Champagne-Ardenne', NULL, 'Fépin', 8170, 'FEP', 771445, 2561234),
(258, '87726877', 'Feurs', 'Rhône-Alpes', NULL, 'Feurs', 42110, 'FEU', 747376, 2084415),
(259, '87722538', 'Feyzin', 'Rhône-Alpes', NULL, 'Feyzin', 69320, 'FEY', 796090, 2077087),
(260, '87212266', 'Fegersheim - Lipsheim', 'Alsace', NULL, 'Lipsheim', 67640, 'FHM', 994239, 2401399),
(261, '87281071', 'Calais Frethun', 'Nord-Pas-de-Calais', NULL, 'Fréthun', 62185, 'FHS', 562944, 2656562),
(262, '87613091', 'Figeac', 'Midi-Pyrénées', NULL, 'Figeac', 46100, 'FIG', 576210, 1955891),
(263, '87741496', 'Les Abrets - Fitilieu', 'Rhône-Alpes', NULL, 'Fitilieu', 38490, 'FII', 852918, 2065402),
(264, '87721704', 'Les Flach', 'Rhône-Alpes', NULL, 'Charbonnières-les-Bains', 69260, 'FLD', 787986, 2089225),
(265, '87448001', 'Flers', 'Basse-Normandie', NULL, 'Flers', 0, 'FLS', 385918, 2420175),
(266, '87696229', 'Fourchambault', '', NULL, 'Fourchambault', 58600, 'FLT', 657073, 2224647),
(267, '87726729', 'Firminy (TER SEN)', 'Rhône-Alpes', NULL, 'Firminy', 42700, 'FNY', 752703, 2045358),
(268, '87193003', 'Forbach', 'Lorraine', NULL, 'Forbach', 57600, 'FOB', 932853, 2475407),
(269, '87447649', 'Folligny', 'Basse-Normandie', NULL, 'Folligny', 50320, 'FOL', 325151, 2432190),
(270, '87715136', 'Frasne', 'Franche-Comté', NULL, 'Frasne', 25560, 'FRA', 891246, 2213470),
(271, '87141077', 'Frouard', 'Lorraine', NULL, 'Frouard', 54390, 'FRD', 880003, 2424231),
(272, '87757500', 'Fr', 'Provence-Alpes-Côte-d''Azur', NULL, 'Fréjus', 83610, 'FRJ', 956336, 1835506),
(273, '87773556', 'Frontignan', 'Languedoc-Roussillon', NULL, 'Frontignan', 34110, 'FRN', 715321, 1827981),
(274, '87722702', 'Francheville', 'Rhône-Alpes', NULL, 'Francheville', 69340, 'FRW', 789304, 2084502),
(275, '87721563', 'Fleurieux-sur-l''Arbresle', 'Rhône-Alpes', NULL, 'Fleurieux-sur-l''Arbresle', 69210, 'FSL', 780507, 2096497),
(276, '87324095', 'Futuroscope', 'Poitou-Charentes', NULL, 'Chasseneuil-du-Poitou', 86360, 'FTU', 450168, 2187448),
(277, '87172098', 'Fumay', 'Champagne-Ardenne', NULL, 'Fumay', 0, 'FUY', 769149, 2556983),
(278, '87611616', 'Foix', 'Midi-Pyrénées', NULL, 'Foix', 9000, 'FXE', 540390, 1774317),
(279, '87757740', 'La Fray', 'Provence-Alpes-Côte-d''Azur', NULL, 'Cannes', 6150, 'FYS', 974863, 1850626),
(280, '87415620', 'Gaillon - Aubevoye', 'Haute-Normandie', NULL, 'Aubevoye', 27940, 'GAA', 528200, 2464537),
(281, '87611772', 'Gimont Cahuzac', 'Midi-Pyrénées', NULL, 'Gimont', 32200, 'GAH', 481298, 1849033),
(282, '87732404', 'Gannat', 'Auvergne', NULL, 'Gannat', 3800, 'GAN', 667142, 2122286),
(283, '87763003', 'Gap', 'Provence-Alpes-Côte-d''Azur', NULL, 'Gap', 5000, 'GAP', 897917, 1958522),
(284, '87313734', 'Grandvilliers', 'Picardie', NULL, 'Grandvilliers', 60210, 'GAR', 571228, 2518125),
(285, '87746107', 'Gr', 'Rhône-Alpes', NULL, 'Grésy-sur-Aix', 73100, 'GAX', 879046, 2086828),
(286, '87751420', 'Gardanne', 'Provence-Alpes-Côte-d''Azur', NULL, 'Gardanne', 13120, 'GDS', 853390, 1833248),
(287, '87473207', 'Guingamp', 'Bretagne', NULL, 'Guingamp', 22970, 'GGP', 195703, 2409303),
(288, '87722439', 'Givors Canal', 'Rhône-Alpes', NULL, 'Givors', 69520, 'GIC', 790055, 2069091),
(289, '87684290', 'Gien', 'Centre', NULL, 'Gien', 45501, 'GIE', 622535, 2299975),
(290, '87381244', 'Gisors', 'Haute-Normandie', NULL, 'Gisors', 27140, 'GIS', 559807, 2476526),
(291, '87722405', 'Givors', 'Rhône-Alpes', NULL, 'Givors', 69520, 'GIV', 789603, 2067928),
(292, '87181552', 'Saint-Gilles', 'Alsace', NULL, 'Wintzenheim', 68230, 'GLL', 966760, 2353336),
(293, '87713313', 'Genlis', 'Bourgogne', NULL, 'Genlis', 21110, 'GLS', 818522, 2253407),
(294, '87775213', 'G', 'Languedoc-Roussillon', NULL, 'Génolhac', 30450, 'GNC', 728886, 1928758),
(295, '87747477', 'Goncelin', 'Rhône-Alpes', NULL, 'Goncelin', 38570, 'GOC', 885055, 2044537),
(296, '87613141', 'Gourdon', 'Midi-Pyrénées', NULL, 'Gourdon', 46300, 'GOV', 524938, 1971685),
(297, '87212258', 'Geispolsheim', 'Alsace', NULL, 'Geispolsheim', 67400, 'GPM', 994932, 2404803),
(298, '87757724', 'Grasse', 'Provence-Alpes-Côte-d''Azur', NULL, 'Grasse', 6130, 'GRA', 970495, 1860980),
(299, '87747006', 'Grenoble', 'Rhône-Alpes', NULL, 'Grenoble', 38003, 'GRE', 865445, 2026915),
(300, '87212241', 'Graffenstaden', 'Alsace', NULL, 'Geispolsheim', 67400, 'GRF', 995190, 2406148),
(301, '87747402', 'Grenoble Universit', 'Rhône-Alpes', NULL, 'Gières', 38610, 'GRS', 870990, 2026426),
(302, '87613059', 'Gramat', 'Midi-Pyrénées', NULL, 'Gramat', 46500, 'GRT', 551359, 1974935),
(303, '87447680', 'Granville', 'Basse-Normandie', NULL, 'Granville', 50350, 'GRV', 311970, 2433913),
(304, '87182386', 'Gunsbach - Griesbach', 'Alsace', NULL, 'Griesbach-au-Val', 0, 'GSB', 960551, 2349138),
(305, '87746248', 'Groisy - Thorens la Caille', 'Rhône-Alpes', NULL, 'Groisy', 74570, 'GTC', 897214, 2119583),
(306, '87673459', 'Gu', 'Aquitaine', NULL, 'Guéthary', 64210, 'GTH', 280057, 1832843),
(307, '87597609', 'Gu', 'Limousin', NULL, 'Guéret', 23000, 'GTJ', 564684, 2130545),
(308, '87172130', 'Givet', 'Champagne-Ardenne', NULL, 'Givet', 8600, 'GVT', 777649, 2574413),
(309, '87214254', 'Gertwiller', 'Alsace', NULL, 'Gertwiller', 67140, 'GWL', 979574, 2391788),
(310, '87214270', 'Goxwiller', 'Alsace', NULL, 'Goxwiller', 67210, 'GXW', 980382, 2394002),
(311, '87182089', 'Habsheim', 'Alsace', NULL, 'Habsheim', 68170, 'HAB', 980866, 2316560),
(312, '87213058', 'Haguenau', 'Alsace', NULL, 'Haguenau', 67500, 'HAG', 999882, 2437754),
(313, '87313114', 'Hangest-sur-Somme', 'Picardie', NULL, 'Hangest-sur-Somme', 80420, 'HAS', 580520, 2554104),
(314, '87191239', 'Hayange', 'Lorraine', NULL, 'Hayange', 57290, 'HAY', 871740, 2487884),
(315, '87212167', 'Hochfelden', 'Alsace', NULL, 'Hochfelden', 67270, 'HCH', 984878, 2430255),
(316, '87677005', 'Hendaye', 'Aquitaine', NULL, 'Hendaye', 64700, 'HED', 265708, 1825509),
(317, '87313692', 'Herchies', 'Picardie', NULL, 'Herchies', 60112, 'HEE', 576402, 2499013),
(318, '87476259', 'Hennebont', 'Bretagne', NULL, 'Hennebont', 56700, 'HEN', 179159, 2326118),
(319, '87191114', 'Hagondange', 'Lorraine', NULL, 'Hagondange', 57525, 'HGD', 878785, 2479687),
(320, '87295063', 'Hirson', 'Picardie', NULL, 'Hirson', 2500, 'HIQ', 725696, 2547867),
(321, '87213686', 'Hoerdt', 'Alsace', NULL, 'Hœrdt', 67720, 'HOD', 1000487, 2425468),
(322, '87214510', 'Holtzheim', 'Alsace', NULL, 'Holtzheim', 67810, 'HOZ', 993052, 2408535),
(323, '87313882', 'TGV Haute Picardie', 'Picardie', NULL, 'Berny-en-Santerre', 80320, 'HPI', 635652, 2540415),
(324, '87677104', 'Les Deux-Jumeaux', 'Aquitaine', NULL, 'Hendaye', 64700, 'HPZ', 267222, 1827329),
(325, '87755629', 'Hy', 'Provence-Alpes-Côte-d''Azur', NULL, 'Hyères', 83400, 'HYE', 908770, 1797014),
(326, '87172106', 'Haybes', 'Champagne-Ardenne', NULL, 'Haybes', 8170, 'HYM', 769919, 2559851),
(327, '87286302', 'Hazebrouk', 'Nord-Pas-de-Calais', NULL, 'Hazebrouck', 59190, 'HZK', 614512, 2636806),
(328, '87213785', 'Ingwiller', 'Alsace', NULL, 'Ingwiller', 67340, 'IGW', 977048, 2442784),
(329, '87761239', 'L''Isle d''Abeau', 'Rhône-Alpes', NULL, 'L''Isle-d''Abeau', 38080, 'ISA', 824872, 2071595),
(330, '87597062', 'Issoudun', 'Centre', NULL, 'Issoudun', 36100, 'ISK', 573235, 2216500),
(331, '87734202', 'Issoire', 'Auvergne', NULL, 'Issoire', 63500, 'ISS', 671663, 2060813),
(332, '87713859', 'Is sur Tille', 'Bourgogne', NULL, 'Marcilly-sur-Tille', 0, 'IST', 810325, 2283805),
(333, '87144089', 'Igney', 'Lorraine', NULL, 'Igney', 88150, 'IYA', 901549, 2371336),
(334, '87141010', 'Jarville-la-Malgrange', 'Lorraine', NULL, 'Jarville-la-Malgrange', 54140, 'JAR', 884730, 2414930),
(335, '87172031', 'Joigny-sur-Meuse', 'Champagne-Ardenne', NULL, 'Joigny-sur-Meuse', 8120, 'JGY', 775058, 2540132),
(336, '87491142', 'Jonzac', 'Poitou-Charentes', NULL, 'Jonzac', 17500, 'JOH', 382608, 2052542),
(337, '87683243', 'Joigny', 'Bourgogne', NULL, 'Joigny', 89300, 'JOI', 678882, 2331034),
(338, '87175091', 'Joinville', 'Champagne-Ardenne', NULL, 'Joinville', 52300, 'JQI', 807742, 2386587),
(339, '87295014', 'Jeumont', 'Nord-Pas-de-Calais', NULL, 'Jeumont', 59164, 'JTJ', 724900, 2590364),
(340, '87545244', 'Juvisy TGV', 'Île-de-France', NULL, 'Juvisy-sur-Orge', 91260, 'JYG', 603440, 2410102),
(341, '87214114', 'Kogenheim', 'Alsace', NULL, 'Kogenheim', 67230, 'KEN', 985225, 2383836),
(342, '87721241', 'Couzon-au-Mont-d''Or', 'Rhône-Alpes', NULL, 'Couzon-au-Mont-d''Or', 69270, 'KMD', 793611, 2097338),
(343, '87611939', 'Lardenne', 'Midi-Pyrénées', NULL, 'Toulouse', 31300, 'KPL', 522974, 1844312),
(344, '87338525', 'Krimmeri Meinau', 'Alsace', NULL, 'Strasbourg', 67100, 'KRI', 999541, 2409925),
(345, '87725713', 'Cr', 'Bourgogne', NULL, 'Crêches-sur-Saône', 71680, 'KSA', 788693, 2141433),
(346, '87213660', 'Kurtzenhouse', 'Alsace', NULL, 'Kurtzenhouse', 67720, 'KUR', 1002655, 2429962),
(347, '87543017', 'Les Aubrais Orl', 'Centre', NULL, 'Fleury-les-Aubrais', 45000, 'LAB', 567831, 2325376),
(348, '87755447', 'Les Arcs Draguignan', 'Provence-Alpes-Côte-d''Azur', NULL, 'Les Arcs', 83460, 'LAC', 935915, 1837037),
(349, '87444638', 'L''Aigle', 'Rouen', NULL, 'L''Aigle', 61300, 'LAE', 473818, 2420070),
(350, '87142091', 'Langres', 'Champagne-Ardenne', NULL, 'Bannes', 52200, 'LAG', 824976, 2324069),
(351, '87478404', 'Laval', 'Pays de la Loire', NULL, 'Laval', 53000, 'LAL', 369221, 2346444),
(352, '87473108', 'Lamballe', 'Bretagne', NULL, 'Lamballe', 22400, 'LAM', 241602, 2396293),
(353, '87296012', 'Laon', 'Picardie', NULL, 'Laon', 0, 'LAO', 693251, 2508923),
(354, '87641274', 'Laqueuille', 'Auvergne', NULL, 'Saint-Sauves-d''Auvergne', 63950, 'LAQ', 628720, 2071911),
(355, '87683268', 'Laroche Migennes', 'Bourgogne', NULL, 'Migennes', 89400, 'LAR', 687862, 2329718),
(356, '87696195', 'La Charit', 'Bourgogne', NULL, 'La Charité-sur-Loire', 58400, 'LAT', 652105, 2242584),
(357, '87741777', 'Landry', 'Rhône-Alpes', NULL, 'Landry', 0, 'LAY', 943093, 2073355),
(358, '87781583', 'Le Bousquet d''Orb', 'Languedoc-Roussillon', NULL, 'Le Bousquet-d''Orb', 0, 'LBD', 667149, 1854771),
(359, '87481754', 'La Baule Escoublac', 'Pays de la Loire', NULL, 'La Baule-Escoublac', 44500, 'LBE', 242762, 2265067),
(360, '87721431', 'L''Arbresle', 'Rhône-Alpes', NULL, 'Éveux', 69210, 'LBL', 777257, 2095123),
(361, '87775171', 'La Bastide Saint-Laurent-les-Bains', 'Languedoc-Roussillon', NULL, 'La Bastide-Puylaurent', 48250, 'LBS', 724517, 1955870),
(362, '87295220', 'Le Cateau', 'Nord-Pas-de-Calais', NULL, 'Le Cateau-Cambrésis', 59360, 'LCA', 686256, 2566834),
(363, '87481788', 'Le Croisic', 'Pays de la Loire', NULL, 'Le Croisic', 44490, 'LCC', 233857, 2265751),
(364, '87726711', 'Le Chambon-Feugerolles', 'Rhône-Alpes', NULL, 'Le Chambon-Feugerolles', 42500, 'LCF', 755508, 2045776),
(365, '87694109', 'Le Creusot TGV (Monceau Montchanin)', 'Bourgogne', NULL, 'Écuisses', 71210, 'LCM', 765177, 2198421),
(366, '87726828', 'Le Coteau', 'Rhône-Alpes', NULL, 'Le Coteau', 42120, 'LCU', 735469, 2115253),
(367, '87417501', 'Lancey', 'Rhône-Alpes', NULL, 'Villard-Bonnot', 38420, 'LCW', 878297, 2032267),
(368, '87761874', 'Luc en Diois', 'Rhône-Alpes', NULL, 'Luc-en-Diois', 0, 'LDE', 847579, 1961886),
(369, '87474239', 'Landerneau', 'Bretagne', NULL, 'Landerneau', 29800, 'LDO', 112770, 2404339),
(370, '87671339', 'Lourdes', 'Midi-Pyrénées', NULL, 'Lourdes', 65100, 'LDS', 406007, 1791574),
(371, '87763557', 'L''Argenti', 'Provence-Alpes-Côte-d''Azur', NULL, 'L''Argentière-la-Bessée', 5120, 'LEE', 933932, 1985655),
(372, '87396002', 'Le Mans', 'Pays de la Loire', NULL, 'Le Mans', 72000, 'LEN', 439965, 2335108),
(373, '87781088', 'Leucate la-Franqui - Pas d''Arriv', 'Languedoc-Roussillon', NULL, 'Leucate', 11370, 'LEU', 655311, 1770219),
(374, '87223263', 'Lille Europe', 'Nord-Pas-De-Calais', NULL, 'Lille', NULL, 'LEW', 652410, 2627423),
(375, '87734442', 'Lezoux', 'Auvergne', NULL, 'Lezoux', 63190, 'LEZ', 681538, 2091749),
(376, '87726232', 'La Fouillouse', 'Rhône-Alpes', NULL, 'La Fouillouse', 42480, 'LFI', 754792, 2057228),
(377, '87172072', 'Laifour', 'Champagne-Ardenne', NULL, 'Laifour', 0, 'LFU', 769457, 2548667),
(378, '87182543', 'Luttenbach-pr', 'Alsace', NULL, 'Luttenbach-près-Munster', 68140, 'LFZ', 956479, 2348204),
(379, '87775254', 'Grand Combe la Pise', 'Languedoc-Roussillon', NULL, 'La Grand-Combe', 30110, 'LGC', 735731, 1913544),
(380, '87734350', 'Langogne', 'Languedoc-Roussillon', NULL, 'Langogne', 0, 'LGG', 720516, 1971364),
(381, '87214502', 'Lingolsheim', 'Alsace', NULL, 'Lingolsheim', 67380, 'LGH', 994164, 2409032),
(382, '87747220', 'Le Grand Lemps', 'Rhône-Alpes', NULL, 'Le Grand-Lemps', 0, 'LGL', 841658, 2048768),
(383, '87194274', 'Longuyon', 'Lorraine', NULL, 'Beuveille', 0, 'LGN', 837159, 2499030),
(384, '87313122', 'Longpr', 'Picardie', NULL, 'Longpré-les-Corps-Saints', 80890, 'LGP', 576045, 2557299),
(385, '87413013', 'Le Havre', 'Rouen', NULL, 'Le Havre', 76600, 'LHA', 439631, 2501745),
(386, '87481416', 'La Haie Fouassi', 'Pays de la Loire', NULL, 'La Haie-Fouassière', 44690, 'LHE', 317391, 2246910),
(387, '87212274', 'Limersheim', 'Alsace', NULL, 'Hipsheim', 67640, 'LHJ', 993548, 2398103),
(388, '87611517', 'L''Hospitalet pres l''Andorre', 'Midi-Pyrénées', NULL, 'L''Hospitalet-près-l''Andorre', 9390, 'LHT', 555723, 1731780),
(389, '87584052', 'Libourne', 'Aquitaine', NULL, 'Libourne', 33500, 'LIB', 396788, 1993904),
(390, '87481762', 'Le Pouliguen', 'Pays de la Loire', NULL, 'Le Pouliguen', 44510, 'LIG', 239404, 2264591),
(391, '87611806', 'L''Isle Jourdain', 'Midi-Pyrénées', NULL, 'L''Isle-Jourdain', 32600, 'LIJ', 499215, 1846959),
(392, '87592006', 'Limoges B', 'Limousin', NULL, 'Limoges', 87000, 'LIM', 516941, 2093446),
(393, '87444265', 'Lisieux', 'Rouen', NULL, 'Lisieux', 14100, 'LIS', 446317, 2461986),
(394, '87761247', 'Livron', 'Rhône-Alpes', NULL, 'Livron-sur-Drôme', 26250, 'LIV', 797462, 1978555),
(395, '87282624', 'Lyon Jean Mac', 'Rhône-Alpes', NULL, 'Lyon', 69007, 'LJC', 794909, 2085869),
(396, '87713115', 'Les Laumes Al', 'Bourgogne', NULL, 'Venarey-les-Laumes', 0, 'LLA', 760050, 2284800),
(397, '87286005', 'Lille Flandres', 'Nord-Pas-De-Calais', 'Nord', 'Lille', NULL, 'LLF', 652078, 2627125),
(398, '87718239', 'Lons le Saunier', 'Franche-Comté', NULL, 'Lons-le-Saunier', 39000, 'LLS', 845882, 2190404),
(399, '87141150', 'Lun', 'Lorraine', NULL, 'Lunéville', 54300, 'LNE', 906908, 2406934),
(400, '87734319', 'Langeac', 'Auvergne', NULL, 'Langeac', 43300, 'LNG', 690856, 2011847),
(401, '87473223', 'Lannion', 'Bretagne', NULL, 'Lannion', 22300, 'LNI', 173689, 2430004),
(402, '87345025', 'Lens', 'Nord-Pas-de-Calais', NULL, 'Lens', 62300, 'LNS', 635008, 2603646),
(403, '87671123', 'Lannemezan', 'Midi-Pyrénées', NULL, 'Lannemezan', 65300, 'LNZ', 441095, 1792153),
(404, '87182345', 'Logelbach', 'Alsace', NULL, '', 68124, 'LOJ', 971150, 2354891),
(405, '87761262', 'Loriol', 'Rhône-Alpes', NULL, 'Loriol-sur-Drôme', 26270, 'LOL', 796495, 1975732),
(406, '87721423', 'Lozanne', 'Rhône-Alpes', NULL, 'Lozanne', 69380, 'LOZ', 782098, 2097588),
(407, '87741439', 'L', 'Rhône-Alpes', NULL, 'Lépin-le-Lac', 73610, 'LPL', 867709, 2065965),
(408, '87484337', 'La Possonni', 'Pays de la Loire', NULL, 'La Possonnière', 0, 'LPO', 371355, 2267941),
(409, '87722025', 'Lyon Perrache', 'Rhône-Alpes', NULL, 'Lyon', 69002, 'LPR', 793671, 2086196),
(410, '87734699', 'Le Puy en Velay', 'Auvergne', NULL, 'Le Puy-en-Velay', 43770, 'LPU', 722627, 2005890),
(411, '87485003', 'La Rochelle', 'Poitou-Charentes', NULL, 'La Rochelle', 17000, 'LRE', 331130, 2134017),
(412, '87746305', 'La Roche sur Foron', 'Rhône-Alpes', NULL, 'La Roche-sur-Foron', 74800, 'LRF', 906796, 2126349),
(413, '87486258', 'Lu', 'Pays de la Loire', NULL, 'Luçon', 85400, 'LRK', 330962, 2168628),
(414, '87726703', 'La Ricamarie', 'Rhône-Alpes', NULL, 'La Ricamarie', 42150, 'LRM', 758289, 2046800),
(415, '87476002', 'Lorient', 'Bretagne', NULL, 'Lorient', 56100, 'LRT', 172777, 2321704),
(416, '87486019', 'La Roche sur Yon', 'Pays de la Loire', NULL, 'La Roche-sur-Yon', 85000, 'LRY', 311493, 2192708),
(417, '87722298', 'Grigny le Sablon', 'Rhône-Alpes', NULL, 'Grigny', 69520, 'LSB', 791859, 2070432),
(418, '87447219', 'Lison', 'Basse-Normandie', NULL, 'Moon-sur-Elle', 0, 'LSN', 353192, 2475242),
(419, '87486449', 'Les Sables d''Olonne', 'Pays de la Loire', NULL, 'Les Sables-d''Olonne', 85100, 'LSO', 284092, 2174938),
(420, '87721159', 'Lyon Saint-Paul - Pas d''Arriv', 'Rhône-Alpes', NULL, 'Lyon', 69001, 'LSP', 793699, 2088153),
(421, '87592345', 'La Souterraine', 'Limousin', NULL, 'Saint-Sulpice-Laurière', 87370, 'LST', 533421, 2116660),
(422, '87592345', 'La Souterraine', 'Adrar - ?????', NULL, '', 0, 'LST', 0, 0),
(423, '87611483', 'Latour de Carol Enveitg', 'Languedoc-Roussillon', NULL, 'Enveitg', 66760, 'LTL', 564475, 1717222),
(424, '87317529', 'Le Tr', 'Haute-Normandie', NULL, 'Le Tréport', 76470, 'LTM', 531131, 2563394),
(425, '87723478', 'La Tour du Pin', 'Rhône-Alpes', NULL, 'La Tour-du-Pin', 38110, 'LTP', 843011, 2067015),
(426, '87721555', 'Lentilly', 'Rhône-Alpes', NULL, 'Lentilly', 69210, 'LTY', 781084, 2093949),
(427, '87313049', 'Longueau', 'Picardie', NULL, 'Longueau', 80330, 'LUA', 601133, 2540775),
(428, '87611236', 'Luchon', 'Midi-Pyrénées', NULL, 'Bagnères-de-Luchon', 31110, 'LUC', 457345, 1756469),
(429, '87611558', 'Luzenac-Garanou', 'Midi-Pyrénées', NULL, 'Vèbre', 0, 'LUG', 552136, 1751411),
(430, '87773408', 'Lunel', 'Languedoc-Roussillon', NULL, 'Lunel', 34400, 'LUN', 744862, 1854730),
(431, '87185249', 'Lure', 'Franche-Comté', NULL, 'Lure', 70200, 'LUR', 911895, 2306439),
(432, '87721001', 'Lyon Vaise', 'Rhône-Alpes', NULL, 'Lyon', 69009, 'LVI', 791873, 2089659),
(433, '87194001', 'Longwy', 'Lorraine', NULL, 'Longwy', 54430, 'LWY', 848786, 2507182),
(434, '87723197', 'Lyon Part Dieu', 'Rhône-Alpes', NULL, 'Lyon', 69003, 'LYD', 796248, 2087623),
(435, '87611921', 'Colomiers Lycee International', 'Midi-Pyrénées', NULL, 'Colomiers', 31770, 'LYF', 517338, 1846597),
(436, '87721175', 'Lyon Gorge de Loup', 'Rhône-Alpes', NULL, 'Lyon', 69009, 'LYL', 791975, 2088098),
(437, '87615112', 'L', 'Languedoc-Roussillon', NULL, 'Lézignan-Corbières', 11200, 'LZA', 635279, 1799813),
(438, '87611178', 'Loures Barbazan', 'Midi-Pyrénées', NULL, 'Bagiry', 31510, 'LZB', 459027, 1781359),
(439, '87725689', 'M', 'Bourgogne', NULL, 'Mâcon', 71000, 'MAC', 791675, 2147759),
(440, '87313726', 'Marseille-en-Beauvaisis', 'Picardie', NULL, 'Marseille-en-Beauvaisis', 60690, 'MAI', 572354, 2508285),
(441, '87753004', 'Miramas', 'Provence-Alpes-Côte-d''Azur', NULL, 'Miramas', 13140, 'MAS', 815356, 1845735),
(442, '87783001', 'Millau', 'Midi-Pyrénées', NULL, 'Paroisse Jean XXIII des Grands Causses', 12100, 'MAU', 659174, 1900337),
(443, '87713131', 'Montbard', 'Bourgogne', NULL, 'Montbard', 21500, 'MBA', 750301, 2292930),
(444, '87751081', 'Marseille-Blancarde', 'Provence-Alpes-Côte-d''Azur', NULL, 'Marseille', 13000, 'MBC', 849486, 1815297),
(445, '87184523', 'Montb', 'Franche-Comté', NULL, 'Montbéliard', 25200, 'MBD', 936132, 2288539),
(446, '87295006', 'Maubeuge', 'Nord-Pas-de-Calais', NULL, 'Maubeuge', 59600, 'MBG', 716392, 2587585),
(447, '87611244', 'Montauban Ville Bourbon', 'Midi-Pyrénées', NULL, 'Montauban', 82000, 'MBN', 520166, 1890863),
(448, '87718833', 'Mouchard', 'Franche-Comté', NULL, 'Mouchard', 39330, 'MCD', 863396, 2225461),
(449, '87694307', 'Montchanin', 'Bourgogne', NULL, 'Montchanin', 71210, 'MCH', 763827, 2197700),
(450, '87745588', 'Machilly', 'Rhône-Alpes', NULL, 'Machilly', 0, 'MCI', 907649, 2146825),
(451, '87673103', 'Morcenx', 'Aquitaine', NULL, 'Morcenx', 40110, 'MCX', 339681, 1897851),
(452, '87783605', 'Mende', 'Languedoc-Roussillon', NULL, 'Mende', 48000, 'MDE', 692702, 1947505),
(453, '87194209', 'Montm', 'Lorraine', NULL, 'Montmédy', 55600, 'MDY', 819882, 2507085),
(454, '87741280', '', 'Rhône-Alpes', NULL, 'Épierre', 0, 'MEE', 909340, 2058510),
(455, '87682005', 'Melun', 'Île-de-France', NULL, 'Melun', 77000, 'MEL', 623561, 2392141),
(456, '87756486', 'Menton', 'Provence-Alpes-Côte-d''Azur', NULL, 'Menton', 6500, 'MEN', 1015376, 1877261),
(457, '87611038', 'Muret', 'Midi-Pyrénées', NULL, 'Muret', 31605, 'MET', 517948, 1829715),
(458, '87723585', 'Meximieux - P', 'Rhône-Alpes', NULL, 'Meximieux', 1800, 'MEX', 821640, 2104196),
(459, '87444208', 'M', 'Rouen', NULL, 'Mézidon-Canon', 14270, 'MEZ', 423707, 2455245),
(460, '87747691', 'Moirans la Galifette', 'Rhône-Alpes', NULL, 'Moirans', 38430, 'MFE', 853094, 2041142),
(461, '87781666', 'Magalas', 'Languedoc-Roussillon', NULL, 'Magalas', 34480, 'MGA', 672365, 1829927),
(462, '87746412', 'Magland', 'Rhône-Alpes', NULL, 'Magland', 74300, 'MGD', 931656, 2122007),
(463, '87574137', 'Meung-sur-Loire', 'Centre', NULL, 'Meung-sur-Loire', 0, 'MGL', 551738, 2314698),
(464, '87182733', 'Muhlbach-sur-Munster', 'Alsace', NULL, 'Muhlbach-sur-Munster', 68380, 'MHK', 954213, 2346854),
(465, '87214130', 'Matzenheim', 'Alsace', NULL, 'Matzenheim', 0, 'MHW', 991018, 2390896),
(466, '87734871', 'Massiac-Blesle', 'Auvergne', NULL, 'Massiac', 0, 'MIA', 667526, 2028500),
(467, '87723528', 'Miribel', 'Rhône-Alpes', NULL, 'Miribel', 1700, 'MIB', 803367, 2094693),
(468, '87723726', 'Mionnay', 'Rhône-Alpes', NULL, 'Mionnay', 1390, 'MIO', 800428, 2102904),
(469, '87725705', 'M', 'Bourgogne', NULL, 'Mâcon', 71850, 'MLH', 788186, 2145452),
(470, '87641001', 'Montlu', 'Auvergne', NULL, 'Montluçon', 3100, 'MLN', 620006, 2148673),
(471, '87174409', 'Mourmelon le Petit', 'Champagne-Ardenne', NULL, 'Mourmelon-le-Petit', 51400, 'MLP', 744677, 2461078),
(472, '87586453', 'Monsempron Libos', 'Aquitaine', NULL, 'Monsempron-Libos', 47500, 'MLS', 488952, 1943809),
(473, '87723569', 'Montluel', 'Rhône-Alpes', NULL, 'Montluel', 1120, 'MLU', 811317, 2097821),
(474, '87111849', 'Marne la Vall', 'Île-de-France', NULL, 'Chessy', 77700, 'MLV', 632764, 2430346),
(475, '87444083', 'Le Molay Littry', 'Basse-Normandie', NULL, 'Le Molay-Littry', 14330, 'MLW', 365458, 2477162),
(476, '87611525', 'M', 'Midi-Pyrénées', NULL, 'Mérens-les-Vals', 9110, 'MLX', 558892, 1739587),
(477, '87586545', 'Marmande', 'Aquitaine', NULL, 'Marmande', 47200, 'MMD', 427459, 1947058),
(478, '87172056', 'Montherm', 'Champagne-Ardenne', NULL, 'Bogny-sur-Meuse', 8120, 'MME', 773078, 2543656),
(479, '87741181', 'Montm', 'Rhône-Alpes', NULL, 'Montmélian', 73800, 'MML', 889615, 2062678),
(480, '87671016', 'Mont de Marsan', 'Aquitaine', NULL, 'Mont-de-Marsan', 40000, 'MMR', 371429, 1880096),
(481, '87191106', 'Maizi', 'Lorraine', NULL, 'Maizières-lès-Metz', 57210, 'MMZ', 878563, 2475376),
(482, '87756403', 'Monaco - Monte Carlo', '', NULL, 'Monaco', 0, 'MNA', 1009722, 1872888),
(483, '87747329', 'Moirans', 'Rhône-Alpes', NULL, 'Moirans', 38430, 'MOA', 854434, 2040991),
(484, '87726448', 'Montbrison', 'Rhône-Alpes', NULL, 'Montbrison', 42600, 'MOB', 735876, 2068626),
(485, '87742007', 'Modane', 'Rhône-Alpes', NULL, 'Modane', 0, 'MOD', 939597, 2030783),
(486, '87763508', 'Montdauphin-Guillestre', 'Provence-Alpes-Côte-d''Azur', NULL, 'Eygliers', 5600, 'MOG', 939317, 1972985),
(487, '87212142', 'Mommenheim', 'Alsace', NULL, 'Mommenheim', 67670, 'MOH', 990000, 2430674),
(488, '87214577', 'Molsheim', 'Alsace', NULL, 'Molsheim', 67120, 'MOL', 981203, 2405676),
(489, '87682278', 'Moret - Veneux-les-Sablons', 'Île-de-France', NULL, 'Veneux-les-Sablons', 77250, 'MOR', 634308, 2375599),
(490, '87741728', 'Moutiers - Salins - Brides les Bains', 'Rhône-Alpes', NULL, 'Moûtiers', 73600, 'MOS', 927830, 2062754),
(491, '87595322', 'Montpon M', 'Aquitaine', NULL, 'Montpon-Ménestérol', 24700, 'MPI', 428311, 2003005),
(492, '87773002', 'Montpellier Saint-Roch', 'Languedoc-Roussillon', NULL, 'Montpellier', 34000, 'MPL', 724967, 1846108),
(493, '87393702', 'Massy TGV ', 'Île-de-France', NULL, 'Massy', 91300, 'MPW', 594484, 2414171),
(494, '87726885', 'Montrond-les-Bains', 'Rhône-Alpes', NULL, 'Bellegarde-en-Forez', 0, 'MRB', 749076, 2073373),
(495, '87746347', 'Marignier', 'Rhône-Alpes', NULL, 'Thyez', 74460, 'MRG', 922439, 2129510),
(496, '87715441', 'Morez', 'Franche-Comté', NULL, 'Morez', 39400, 'MRZ', 882774, 2176218),
(497, '87696328', 'Moulins sur Allier', 'Auvergne', NULL, 'Moulins', 3000, 'MSA', 676836, 2173970),
(498, '87611194', 'Marignac-Saint-B', 'Midi-Pyrénées', NULL, 'Marignac', 31440, 'MSB', 462148, 1769535),
(499, '87751008', 'Marseille Saint-Charles', 'Provence-Alpes-Côte-d''Azur', NULL, 'Marseille', 13001, 'MSC', 847354, 1815941),
(500, '87182063', 'Mulhouse', 'Alsace', NULL, 'Mulhouse', 68100, 'MSE', 975170, 2316708),
(501, '87684001', 'Montargis', 'Centre', NULL, 'Montargis', 45200, 'MSR', 630331, 2334291),
(502, '87594820', 'Masseret', 'Limousin', NULL, 'Lamongerie', 19510, 'MST', 537882, 2059838),
(503, '87381509', 'Mantes La Jolie', 'Île-de-France', NULL, 'Mantes-la-Jolie', 78711, 'MTE', 553629, 2443692),
(504, '87611152', 'Montr', 'Midi-Pyrénées', NULL, 'Gourdan-Polignan', 31210, 'MTJ', 456155, 1787761),
(505, '87213603', 'Marienthal', 'Alsace', NULL, 'Haguenau', 67240, 'MTK', 1003096, 2434454),
(506, '87381590', 'Mantes Station - Pas de provenance dans les Arriv', 'Île-de-France', NULL, 'Mantes-la-Jolie', 78711, 'MTQ', 554527, 2443009),
(507, '87764001', 'Mont', 'Rhône-Alpes', NULL, 'Montélimar', 26200, 'MTR', 791424, 1953827);
INSERT INTO `gare` (`idGare`, `uic`, `nomgare`, `region`, `dept`, `ville`, `codepost`, `tvs`, `Xcoord`, `Ycoord`) VALUES
(508, '87682302', 'Montereau', 'Île-de-France', NULL, 'Montereau-Fault-Yonne', 77130, 'MTU', 644931, 2375830),
(509, '87214585', 'Mutzig', 'Alsace', NULL, 'Mutzig', 67560, 'MTZ', 978402, 2405123),
(510, '87386540', 'Munster Badischhof', 'Alsace', NULL, 'Munster', 68140, 'MUB', 958979, 2348770),
(511, '87212100', 'Mundolsheim', 'Alsace', NULL, 'Mundolsheim', 67460, 'MUM', 996660, 2418745),
(512, '87645481', 'Murat', 'Auvergne', NULL, 'Murat', 15300, 'MUR', 641961, 2012196),
(513, '87595298', 'Mussidan', 'Aquitaine', NULL, 'Saint-Médard-de-Mussidan', 24400, 'MUS', 443742, 2005721),
(514, '87182394', 'Munster', 'Alsace', NULL, 'Munster', 68140, 'MUT', 957593, 2348597),
(515, '87401323', 'Mouans-Sartoux', 'Provence-Alpes-Côte-d''Azur', NULL, 'Mouans-Sartoux', 6370, 'MUU', 974629, 1857560),
(516, '87783282', 'Marvejols', 'Languedoc-Roussillon', NULL, 'Marvejols', 48100, 'MVJ', 675104, 1949747),
(517, '87611814', 'M', 'Midi-Pyrénées', NULL, 'Mérenvielle', 31530, 'MWE', 504185, 1849030),
(518, '87723767', 'Marlieux - Chatillon', 'Rhône-Alpes', NULL, 'Marlieux', 0, 'MXC', 811696, 2121890),
(519, '87474338', 'Morlaix', 'Bretagne', NULL, 'Morlaix', 29672, 'MXR', 145081, 2415565),
(520, '87594275', 'Meymac', 'Limousin', NULL, 'Meymac', 19250, 'MYC', 586510, 2058886),
(521, '87313700', 'Milly-sur-Th', 'Picardie', NULL, 'Bonnières', 60112, 'MYH', 574779, 2500792),
(522, '87192039', 'Metz', 'Lorraine', NULL, 'Metz', 57030, 'MZE', 880499, 2463722),
(523, '87182816', 'Metzeral', 'Alsace', NULL, 'Metzeral', 68380, 'MZL', 953212, 2345520),
(524, '87741694', 'Notre-Dame de Brian', 'Rhône-Alpes', NULL, 'La Léchère', 73260, 'NAB', 922631, 2068359),
(525, '87781104', 'Narbonne', 'Languedoc-Roussillon', NULL, 'Narbonne', 11100, 'NBN', 654511, 1798953),
(526, '87141291', 'Neufchateau', 'Lorraine', NULL, 'Neufchâteau', 88300, 'NCH', 848524, 2378447),
(527, '87141002', 'Nancy', 'Lorraine', NULL, 'Nancy', 54000, 'NCY', 882566, 2417033),
(528, '87595512', 'Niversac', 'Aquitaine', NULL, 'Saint-Laurent-sur-Manoire', 24330, 'NEC', 479750, 2016460),
(529, '87645507', 'Neussargues', 'Auvergne', NULL, 'Neussargues-Moissac', 15170, 'NEU', 650569, 2014073),
(530, '87743351', 'Nurieux', 'Rhône-Alpes', NULL, 'Nurieux-Volognat', 1460, 'NEX', 846308, 2136617),
(531, '87684274', 'Nogent-sur-Vernisson', 'Centre', NULL, 'Nogent-sur-Vernisson', 12, 'NGI', 630020, 2317128),
(532, '87756056', 'Nice', 'Provence-Alpes-Côte-d''Azur', NULL, 'Nice', 6000, 'NIC', 997248, 1868328),
(533, '87775007', 'N', 'Languedoc-Roussillon', NULL, 'Nîmes', 30900, 'NMS', 763395, 1872182),
(534, '87317396', 'Noyelles sur Mer', 'Picardie', NULL, 'Noyelles-sur-Mer', 80860, 'NOE', 554789, 2577038),
(535, '87118190', 'Nogent sur Seine', 'Champagne-Ardenne', NULL, 'Nogent-sur-Seine', 10400, 'NOG', 685547, 2389412),
(536, '87172023', 'Nouzonville', 'Champagne-Ardenne', NULL, 'Nouzonville', 8700, 'NOU', 773380, 2537720),
(537, '87276782', 'Noyon', 'Picardie', NULL, 'Noyon', 60400, 'NOY', 648499, 2509122),
(538, '87485300', 'Niort', 'Poitou-Charentes', NULL, 'Niort', 0, 'NRT', 385115, 2150398),
(539, '87172213', 'Nouvion sur Meuse', 'Champagne-Ardenne', NULL, 'Nouvion-sur-Meuse', 8160, 'NSM', 777546, 2525012),
(540, '87684126', 'Nemours Saint-Pierre', 'Île-de-France', NULL, '', 77796, 'NSP', 625925, 2363266),
(541, '87481002', 'Nantes', 'Pays de la Loire', NULL, 'Nantes', 44021, 'NTS', 306365, 2253664),
(542, '87713529', 'Nuits Saint-Georges', 'Bourgogne', NULL, 'Nuits-Saint-Georges', 21700, 'NUI', 798701, 2240072),
(543, '87559070', 'Nevers le Banlay', 'Bourgogne', NULL, 'Nevers', 58640, 'NVB', 662889, 2223325),
(544, '87696005', 'Nevers', 'Bourgogne', NULL, 'Nevers', 58000, 'NVS', 661907, 2221172),
(545, '87214288', 'Obernai', 'Alsace', NULL, 'Obernai', 67870, 'OBE', 980904, 2397319),
(546, '87213165', 'Obermodern', 'Alsace', NULL, 'Obermodern-Zutzendorf', 0, 'OBM', 982397, 2439809),
(547, '87765107', 'Orange', 'Provence-Alpes-Côte-d''Azur', NULL, 'Orange', 84100, 'OGE', 798841, 1907140),
(548, '87543009', 'Orl', 'Centre', NULL, 'Orléans', 45000, 'ORL', 567720, 2323290),
(549, '87672253', 'Orthez', 'Aquitaine', NULL, 'Orthez', 64300, 'ORT', 348560, 1836303),
(550, '87411207', 'Oissel', 'Haute-Normandie', NULL, 'Oissel', 76350, 'OSL', 510203, 2483538),
(551, '87722207', 'Oullins', 'Rhône-Alpes', NULL, 'Oullins', 69350, 'OUL', 792799, 2082690),
(552, '87574319', 'Onzain', 'Centre', NULL, 'Onzain', 41150, 'OZA', 513289, 2277560),
(553, '87141820', 'Pont-', 'Lorraine', NULL, 'Pont-à-Mousson', 54700, 'PAM', 872376, 2439990),
(554, '87672006', 'Pau', 'Aquitaine', NULL, 'Pau', 64110, 'PAU', 380045, 1813710),
(555, '87547000', 'Paris Austerlitz', 'Île-de-France', NULL, 'Paris', 75004, 'PAZ', 602169, 2427033),
(556, '87611830', 'Pibrac', 'Midi-Pyrénées', NULL, 'Pibrac', 31820, 'PBR', 515361, 1847167),
(557, '87686667', 'Paris Bercy', 'Île-de-France', NULL, 'Paris', 75012, 'PBY', 603400, 2426762),
(558, '87747493', 'Pontcharra sur Breda - Allevard', 'Rhône-Alpes', NULL, 'Pontcharra', 38530, 'PCA', 887215, 2054884),
(559, '87481846', 'Pontch', 'Pays de la Loire', NULL, 'Pontchâteau', 44160, 'PCU', 266389, 2280028),
(560, '87734459', 'Pont de Dore', 'Auvergne', NULL, 'Peschadoires', 63920, 'PDO', 689635, 2094272),
(561, '87745620', 'P', 'Rhône-Alpes', NULL, 'Perrignier', 74550, 'PEG', 914798, 2152982),
(562, '87751362', 'Pertuis', 'Provence-Alpes-Côte-d''Azur', NULL, 'Pertuis', 84, 'PER', 855634, 1858790),
(563, '87722678', 'Le P', 'Rhône-Alpes', NULL, 'Le Péage-de-Roussillon', 38550, 'PGR', 792621, 2044255),
(564, '87746206', 'Pringy Haute Savoie', 'Rhône-Alpes', NULL, 'Pringy', 74370, 'PGY', 893545, 2111430),
(565, '87313106', 'Picquigny', 'Picardie', NULL, 'Picquigny', 80310, 'PIQ', 586046, 2550040),
(566, '87481424', 'Le Pallet', 'Pays de la Loire', NULL, 'Le Pallet', 44690, 'PLL', 320739, 2244772),
(567, '87694687', 'Paray le Monial', 'Bourgogne', NULL, 'Paray-le-Monial', 71600, 'PLM', 736521, 2162340),
(568, '87781062', 'Port la Nouvelle', 'Languedoc-Roussillon', NULL, 'Port-la-Nouvelle', 11210, 'PLN', 657355, 1780036),
(569, '87473181', 'Plouaret - Tr', 'Bretagne', NULL, 'Plouaret', 22420, 'PLT', 172247, 2416639),
(570, '87686006', 'Paris Gare de Lyon', 'Île-de-France', NULL, 'Paris', 75004, 'PLY', 602714, 2427397),
(571, '87192468', 'Pagny-sur-Moselle', 'Lorraine', NULL, 'Pagny-sur-Moselle', 54530, 'PMO', 870054, 2449357),
(572, '87391003', 'Paris Montparnasse', 'Île-de-France', NULL, 'Paris', 75006, 'PMP', 598780, 2426919),
(573, '87611343', 'Pamiers', 'Midi-Pyrénées', NULL, 'Pamiers', 9100, 'PMS', 541488, 1790657),
(574, '87586438', 'Penne (Lot-et-Garonne)', 'Aquitaine', NULL, 'Penne-d''Agenais', 47140, 'PNE', 477713, 1932166),
(575, '87721464', 'Pontcharra - Saint-Forgeux', 'Rhône-Alpes', NULL, 'Pontcharra-sur-Turdine', 69490, 'PNF', 767398, 2099099),
(576, '87481747', 'Pornichet', 'Pays de la Loire', NULL, 'Pornichet', 44380, 'PNI', 246001, 2262853),
(577, '87271007', 'Paris Nord', 'Île-de-France', NULL, 'Paris', 75010, 'PNO', 601349, 2431315),
(578, '87725721', 'Pontanevaux', 'Bourgogne', NULL, 'La Chapelle-de-Guinchay', 71570, 'PNX', 787959, 2137675),
(579, '87741470', 'Pont-de-Beauvoisin', 'Rhône-Alpes', NULL, 'Le Pont-de-Beauvoisin', 38480, 'POB', 861211, 2063793),
(580, '87761742', 'Poli', 'Rhône-Alpes', NULL, 'Poliénas', 38210, 'POS', 846250, 2033288),
(581, '87784264', 'Port Vendres', 'Languedoc-Roussillon', NULL, 'Port-Vendres', 66660, 'POV', 663098, 1723582),
(582, '87141788', 'Pompey', 'Lorraine', NULL, 'Pompey', 54340, 'PPE', 878910, 2426152),
(583, '87611509', 'Porte Puymorens', 'Languedoc-Roussillon', NULL, 'Porta', 0, 'PPM', 557854, 1726239),
(584, '87784009', 'Perpignan', 'Languedoc-Roussillon', NULL, 'Perpignan', 66020, 'PPN', 644603, 1743774),
(585, '87722231', 'Pierre-B', 'Rhône-Alpes', NULL, 'Pierre-Bénite', 69310, 'PRB', 793758, 2081574),
(586, '87672337', 'Peyrehorade', 'Aquitaine', NULL, 'Peyrehorade', 40300, 'PRH', 320682, 1844446),
(587, '87764308', 'Pierrelatte', 'Rhône-Alpes', NULL, 'Pierrelatte', 26700, 'PRL', 788781, 1933229),
(588, '87313130', 'Pont-Remy', 'Picardie', NULL, 'Pont-Remy', 80580, 'PRM', 568620, 2561346),
(589, '87384008', 'Paris Saint-Lazare', 'Île-de-France', NULL, 'Paris', 75009, 'PSL', 599114, 2431062),
(590, '87611400', 'Portet Saint-Simon', 'Midi-Pyrénées', NULL, 'Portet-sur-Garonne', 31120, 'PSS', 524659, 1836976),
(591, '87575001', 'Poitiers', 'Poitou-Charentes', NULL, 'Poitiers', 86000, 'PST', 446475, 2177753),
(592, '87696211', 'Pougues les Eaux', 'Bourgogne', NULL, 'Pougues-les-Eaux', 58320, 'PSU', 657507, 2231070),
(593, '87715003', 'Pontarlier', 'Franche-Comté', NULL, 'UP 5.1 Pays de Pontarlier', 25300, 'PTL', 905900, 2219046),
(594, '87672279', 'Puyo', 'Aquitaine', NULL, 'Baigts-de-Béarn', 0, 'PUO', 337150, 1841261),
(595, '87444349', 'Pont l''', 'Rouen', NULL, 'Pont-l''Évêque', 14130, 'PVQ', 443873, 2478728),
(596, '87276329', 'Pont Sainte-Maxence', 'Picardie', NULL, 'Pont-Sainte-Maxence', 60700, 'PXE', 619385, 2479162),
(597, '87595009', 'P', 'Aquitaine', NULL, 'Périgueux', 24000, 'PXR', 471922, 2022063),
(598, '87144428', 'Pouxeux', 'Lorraine', NULL, 'Pouxeux', 88550, 'PXX', 915989, 2353508),
(599, '87696179', 'Pouilly sur Loire', 'Bourgogne', NULL, 'Pouilly-sur-Loire', 0, 'PYL', 647623, 2253794),
(600, '87276410', 'Pr', 'Picardie', NULL, 'Villers-sous-Saint-Leu', 60340, 'PYO', 602907, 2467271),
(601, '87476317', 'Quimperl', 'Bretagne', NULL, 'Quimperlé', 29300, 'QPL', 159767, 2335360),
(602, '87474098', 'Quimper', 'Bretagne', NULL, 'Quimper', 29000, 'QPR', 120698, 2352437),
(603, '87476671', 'Questembert', 'Bretagne', NULL, 'Questembert', 56230, 'QUE', 240868, 2309122),
(604, '87721290', 'Quincieux', 'Rhône-Alpes', NULL, 'Quincieux', 69650, 'QUX', 789455, 2103680),
(605, '87353581', 'Les Ramassiers', 'Midi-Pyrénées', NULL, 'Colomiers', 31770, 'RAM', 520469, 1844992),
(606, '87613042', 'Rocamadour-Padirac', 'Midi-Pyrénées', NULL, 'Rocamadour', 0, 'RAP', 546260, 1979916),
(607, '87747279', 'R', 'Rhône-Alpes', NULL, 'Saint-Cassien', 38430, 'RCS', 850533, 2046021),
(608, '87485144', 'Rochefort', 'Poitou-Charentes', NULL, 'Rochefort', 17300, 'RCT', 344180, 2110615),
(609, '87317057', 'Rang du Fliers - Verton - Berck', 'Nord-Pas-de-Calais', NULL, 'Rang-du-Fliers', 62180, 'RDF', 550978, 2602531),
(610, '87215079', 'R', 'Lorraine', NULL, 'Réding', 57445, 'RDG', 950012, 2426635),
(611, '87471300', 'Redon', 'Bretagne', NULL, 'Redon', 35600, 'RDN', 267789, 2304049),
(612, '87613422', 'Rodez', 'Midi-Pyrénées', NULL, 'Rodez', 12033, 'RDZ', 619441, 1929092),
(613, '87746511', 'Reignier', 'Rhône-Alpes', NULL, 'Reignier-Ésery', 74930, 'REI', 903677, 2132641),
(614, '87471003', 'Rennes', 'Bretagne', NULL, 'Rennes', 35000, 'RES', 301524, 2352542),
(615, '87734749', 'Retournac', 'Auvergne', NULL, 'Retournac', 43130, 'RET', 733554, 2023750),
(616, '87757732', 'Ranguin', 'Provence-Alpes-Côte-d''Azur', NULL, 'Cannes', 6150, 'RGN', 974561, 1851849),
(617, '87726331', 'Rive-de-gier', 'Rhône-Alpes', NULL, 'Rive-de-Gier', 42800, 'RGR', 777326, 2060774),
(618, '87721050', 'R', 'Rhône-Alpes', NULL, 'Lay', 42470, 'RGY', 745536, 2111460),
(619, '87182071', 'Rixheim', 'Alsace', NULL, 'Rixheim', 68170, 'RHE', 979931, 2317728),
(620, '87725739', 'Roman', 'Bourgogne', NULL, 'Romanèche-Thorins', 0, 'RHR', 785710, 2133531),
(621, '87734053', 'Riom - Ch', 'Auvergne', NULL, 'Riom', 63200, 'RIO', 660872, 2099145),
(622, '87747246', 'Rives', 'Rhône-Alpes', NULL, 'Rives', 38140, 'RIV', 847219, 2044641),
(623, '87171009', 'Reims', 'Champagne-Ardenne', NULL, 'Reims', 0, 'RMS', 722928, 2474803),
(624, '87144451', 'Remiremont', 'Lorraine', NULL, 'Paroisse du Saint-Mont', 88200, 'RMT', 917871, 2343853),
(625, '87118158', 'Romilly sur Seine', 'Champagne-Ardenne', NULL, 'Romilly-sur-Seine', 10100, 'RMY', 702858, 2391510),
(626, '87726802', 'Roanne', 'Rhône-Alpes', NULL, 'Roanne', 42153, 'ROA', 733636, 2117022),
(627, '87214320', 'Rosheim', 'Alsace', NULL, 'Rosheim', 67870, 'ROH', 980750, 2402075),
(628, '87761650', 'Romans - Bourg-de-P', 'Rhône-Alpes', NULL, 'Romans-sur-Isère', 26100, 'ROM', 813756, 2009047),
(629, '87491803', 'Royan', 'Poitou-Charentes', NULL, 'Royan', 17200, 'ROY', 338516, 2075043),
(630, '87411017', 'Rouen Rive Droite', 'Haute-Normandie', NULL, 'Rouen', 76000, 'RRD', 509832, 2495344),
(631, '87474155', 'Rosporden', 'Bretagne', NULL, 'Rosporden', 29140, 'RSP', 139693, 2347066),
(632, '87415885', 'Rosny-sur-Seine', 'Île-de-France', NULL, 'Rosny-sur-Seine', 78710, 'RSS', 548315, 2444570),
(633, '87396895', 'Clermont La Rotonde', 'Auvergne', NULL, 'Clermont-Ferrand', 63000, 'RTD', 658708, 2085600),
(634, '87172270', 'Rethel', 'Champagne-Ardenne', NULL, 'Rethel', 8300, 'RTL', 747440, 2502720),
(635, '87317404', 'Rue', 'Picardie', NULL, 'Rue', 80120, 'RUE', 552805, 2586622),
(636, '87583849', 'Ruffec', 'Poitou-Charentes', NULL, 'Ruffec', 16700, 'RUG', 433848, 2116749),
(637, '87746149', 'Rumilly', 'Rhône-Alpes', NULL, 'Rumilly', 74150, 'RUM', 880347, 2102304),
(638, '87172080', 'Revin', 'Champagne-Ardenne', NULL, 'Revin', 8500, 'RVI', 765770, 2551573),
(639, '87784173', 'Rivesaltes', 'Languedoc-Roussillon', NULL, 'Rivesaltes', 66600, 'RVT', 643581, 1751571),
(640, '87286732', 'Roubaix', 'Nord-Pas-de-Calais', NULL, 'Roubaix', 59100, 'RXB', 658531, 2633784),
(641, '87734038', 'Royat - Chamalli', 'Auvergne', NULL, 'Chamalières', 63400, 'RYA', 656394, 2085511),
(642, '87271494', 'A', 'Île-de-France', NULL, 'Tremblay-en-France', 77990, 'RYT', 617211, 2445125),
(643, '87396408', 'Sabl', 'Pays de la Loire', NULL, 'Sablé-sur-Sarthe', 0, 'SAB', 399529, 2319232),
(644, '87491241', 'Saint-Andr', 'Aquitaine', NULL, 'Saint-André-de-Cubzac', 0, 'SAC', 380969, 2002818),
(645, '87576322', 'Saint-Amand-Montrond - Orval', 'Centre', NULL, 'Orval', 18200, 'SAD', 611429, 2191849),
(646, '87723494', 'Saint-Andr', 'Rhône-Alpes', NULL, 'Saint-André-le-Gaz', 0, 'SAG', 848913, 2065503),
(647, '87751842', 'Sainte-Marthe en Provence', 'Provence-Alpes-Côte-d''Azur', NULL, 'Marseille', 13014, 'SAH', 847988, 1820035),
(648, '87784157', 'Salses', 'Languedoc-Roussillon', NULL, 'Salses-le-Château', 0, 'SAL', 647604, 1759349),
(649, '87543165', 'Salbris', 'Centre', NULL, 'Salbris', 41300, 'SAP', 578212, 2269538),
(650, '87723734', 'Saint-Andr', 'Rhône-Alpes', NULL, 'Saint-André-de-Corcy', 1390, 'SAY', 802585, 2106218),
(651, '87743740', 'Saint-Rambert-en-Bugey', 'Rhône-Alpes', NULL, 'Saint-Rambert-en-Bugey', 1230, 'SBB', 840459, 2109978),
(652, '87473009', 'Saint-Brieuc', 'Bretagne', NULL, 'Saint-Brieuc', 22000, 'SBC', 223150, 2402066),
(653, '87215012', 'Sarrebourg', 'Lorraine', NULL, 'Sarrebourg', 57400, 'SBG', 946857, 2425900),
(654, '87721605', 'Sain-Bel', 'Rhône-Alpes', NULL, 'Sain-Bel', 69210, 'SBL', 776009, 2092620),
(655, '87741454', 'Saint-B', 'Rhône-Alpes', NULL, 'Saint-Béron', 73520, 'SBR', 865309, 2061676),
(656, '87761718', 'Saint-Marcellin (Is', 'Rhône-Alpes', NULL, 'Saint-Marcellin', 38160, 'SCI', 834911, 2021165),
(657, '87726307', 'Saint-Chamond', 'Rhône-Alpes', NULL, 'Saint-Chamond', 42400, 'SCM', 770505, 2054819),
(658, '87141374', 'Saint-Cl', 'Lorraine', NULL, 'Saint-Clément', 54950, 'SCX', 915473, 2401062),
(659, '87721340', 'Saint-Georges-de-Reneins', 'Rhône-Alpes', NULL, 'Saint-Georges-de-Reneins', 69830, 'SDI', 784303, 2120790),
(660, '87594572', 'Saint-Denis pr', 'Midi-Pyrénées', NULL, 'Saint-Denis-lès-Martel', 0, 'SDM', 547081, 1994127),
(661, '87444562', 'Surdon', 'Rouen', NULL, 'Macé', 0, 'SDN', 437723, 2409643),
(662, '87783431', 'Saint-Rome de Cernon', 'Midi-Pyrénées', NULL, 'Saint-Rome-de-Cernon', 12490, 'SDO', 650654, 1890553),
(663, '87783423', 'Saint-Georges de Luzen', 'Midi-Pyrénées', NULL, 'Saint-Georges-de-Luzençon', 12490, 'SDU', 651915, 1896286),
(664, '87175000', 'Saint-Dizier', 'Champagne-Ardenne', NULL, 'Saint-Dizier', 52100, 'SDZ', 792433, 2408104),
(665, '87726190', 'Saint-', 'Rhône-Alpes', NULL, 'Saint-Étienne', 42100, 'SEB', 760946, 2048410),
(666, '87726174', 'Saint-', 'Rhône-Alpes', NULL, 'Saint-Étienne', 420003, 'SEC', 759773, 2050592),
(667, '87172254', 'Sedan', 'Champagne-Ardenne', NULL, 'Sedan', 8350, 'SED', 787304, 2525090),
(668, '87747352', 'Saint-Egr', 'Rhône-Alpes', NULL, 'Saint-Égrève', 38521, 'SEG', 861833, 2031682),
(669, '87726000', 'Saint-Etienne Ch', 'Rhône-Alpes', NULL, 'Saint-Étienne', 42000, 'SEN', 761444, 2051334),
(670, '87726901', 'Saint-', 'Rhône-Alpes', NULL, 'Saint-Étienne', 42000, 'SEO', 760291, 2051686),
(671, '87751800', 'Sept', 'Provence-Alpes-Côte-d''Azur', NULL, 'Septèmes-les-Vallons', 13240, 'SEP', 846069, 1827070),
(672, '87683003', 'Sens', 'Bourgogne', NULL, 'Sens', 89100, 'SES', 669207, 2355847),
(673, '87726158', 'Saint-', 'Rhône-Alpes', NULL, 'Saint-Étienne', 42270, 'SET', 759781, 2053678),
(674, '87182105', 'Sierentz', 'Alsace', NULL, 'Sierentz', 68870, 'SEZ', 984536, 2307707),
(675, '87783175', 'Saint-Flour Chaudes Aigues', 'Auvergne', NULL, 'Saint-Flour', 15100, 'SFC', 660665, 2004097),
(676, '87728501', 'Saint-Fons', 'Rhône-Alpes', NULL, 'Saint-Fons', 69190, 'SFS', 795908, 2081515),
(677, '87576272', 'Saint-Florent sur Cher', 'Centre', NULL, 'Saint-Florent-sur-Cher', 18400, 'SFT', 593582, 2221364),
(678, '87734301', 'Saint-Georges d''Aurac', 'Auvergne', NULL, 'Mazeyrat-d''Allier', 43380, 'SGA', 691084, 2018451),
(679, '87746479', 'Saint-Gervais les Bains - Le Fayet', 'Rhône-Alpes', NULL, 'Saint-Gervais-les-Bains', 74190, 'SGB', 938460, 2110086),
(680, '87611137', 'Saint-Gaudens', 'Midi-Pyrénées', NULL, 'Saint-Gaudens', 31800, 'SGD', 468920, 1790482),
(681, '87485227', 'Surg', 'Poitou-Charentes', NULL, 'Surgères', 17700, 'SGE', 360530, 2128415),
(682, '87732206', 'Saint-Germain des Foss', 'Auvergne', NULL, 'Saint-Germain-des-Fossés', 3260, 'SGF', 684413, 2134914),
(683, '87726208', 'Veauche - Saint-Galmier', 'Rhône-Alpes', NULL, 'Veauche', 42340, 'SGL', 752751, 2064738),
(684, '87721282', 'Saint-Germain-au-Mont-d''Or', 'Rhône-Alpes', NULL, 'Saint-Germain-au-Mont-d''Or', 69650, 'SGO', 791505, 2101691),
(685, '87193615', 'Sarreguemines', 'Lorraine', NULL, 'Sarreguemines', 0, 'SGS', 945542, 2467000),
(686, '87761684', 'Saint-Hilaire - Saint-Nazaire', 'Rhône-Alpes', NULL, 'Saint-Hilaire-du-Rosier', 38840, 'SHN', 828970, 2012089),
(687, '87751438', 'Simiane', 'Provence-Alpes-Côte-d''Azur', NULL, 'Simiane-Collongue', 13109, 'SIE', 850461, 1830762),
(688, '87613257', 'Saint-Christophe', 'Midi-Pyrénées', NULL, 'Saint-Christophe-Vallon', 0, 'SIH', 605648, 1940411),
(689, '87745430', 'Saint-Julien en Genevois', 'Rhône-Alpes', NULL, 'Saint-Julien-en-Genevois', 74160, 'SJG', 889540, 2133780),
(690, '87713651', 'Saint-Jean-de-Losne - Destinations et Provenances non conformes', 'Bourgogne', NULL, 'Saint-Usage', 21170, 'SJL', 820671, 2237411),
(691, '87742320', 'Saint-Jean de Maurienne Arvan', 'Rhône-Alpes', NULL, 'Saint-Jean-de-Maurienne', 73300, 'SJM', 915180, 2038869),
(692, '87313270', 'Saint-Just en Chauss', 'Picardie', NULL, 'Saint-Just-en-Chaussée', 60130, 'SJS', 606723, 2500698),
(693, '87491811', 'Saujon', 'Poitou-Charentes', NULL, 'Saujon', 0, 'SJW', 345457, 2079371),
(694, '87677120', 'Saint-Jean de Luz - Ciboure', 'Aquitaine', NULL, 'Saint-Jean-de-Luz', 64500, 'SJZ', 275683, 1828654),
(695, '87722652', 'Saint-Clair les Roches', 'Rhône-Alpes', NULL, 'Saint-Clair-du-Rhône', 38370, 'SKR', 790353, 2052940),
(696, '87444695', 'S', 'Rouen', NULL, 'Sées', 61500, 'SKS', 439880, 2402378),
(697, '87491001', 'Saintes', 'Poitou-Charentes', NULL, 'Saintes', 17100, 'SKW', 370169, 2087380),
(698, '87447003', 'Saint-L', 'Basse-Normandie', NULL, 'Saint-Lô', 50000, 'SLO', 348951, 2463043),
(699, '87746438', 'Sallanches - Combloux - Meg', 'Rhône-Alpes', NULL, 'Sallanches', 74700, 'SLS', 933305, 2113052),
(700, '87276402', 'Saint-Leu-d''Esserent', 'Picardie', NULL, 'Saint-Leu-d''Esserent', 60340, 'SLT', 605954, 2468490),
(701, '87181016', 'Saint-Louis la Chauss', 'Alsace', NULL, 'Saint-Louis', 68300, 'SLU', 990285, 2302895),
(702, '87742361', 'Saint-Michel - Valloire', 'Rhône-Alpes', NULL, 'Saint-Michel-de-Maurienne', 73140, 'SMI', 924698, 2032618),
(703, '87478107', 'Saint-Malo', 'Bretagne', NULL, 'Saint-Malo', 35400, 'SMP', 280143, 2414176),
(704, '87491209', 'Saint-Mariens-Saint-Yzan', 'Aquitaine', NULL, 'Laruscade', 0, 'SMS', 385387, 2019116),
(705, '87353599', 'Saint-Martin du Touch', 'Midi-Pyrénées', NULL, 'Toulouse', 31770, 'SMT', 521956, 1844687),
(706, '87485490', 'Saint-Maixent', 'Poitou-Charentes', NULL, 'Saint-Maixent-l''École', 79400, 'SMX', 404906, 2159398),
(707, '87723536', 'St Maurice-de-Beynost', 'Rhône-Alpes', NULL, 'Saint-Maurice-de-Beynost', 1700, 'SMY', 805189, 2095351),
(708, '87481705', 'Saint-Nazaire', 'Pays de la Loire', NULL, 'Saint-Nazaire', 44600, 'SNA', 256200, 2264034),
(709, '87212225', 'Saverne', 'Alsace', NULL, 'Saverne', 67706, 'SNE', 969525, 2428034),
(710, '87726851', 'Saint-Jodard', 'Rhône-Alpes', NULL, 'Saint-Priest-la-Roche', 42590, 'SNJ', 738836, 2099954),
(711, '87721456', 'Saint-Romain-de-Popey', 'Rhône-Alpes', NULL, 'Saint-Romain-de-Popey', 69490, 'SNP', 771268, 2098097),
(712, '87751826', 'Saint-Antoine', 'Provence-Alpes-Côte-d''Azur', NULL, 'Marseille', 13015, 'SNT', 845237, 1823286),
(713, '87481838', 'Savenay', 'Pays de la Loire', NULL, 'Savenay', 44260, 'SNY', 276276, 2270930),
(714, '87594333', 'Souillac', 'Midi-Pyrénées', NULL, 'Souillac', 0, 'SOU', 531153, 1989452),
(715, '87741223', 'Saint-Pierre-d''Albigny', 'Rhône-Alpes', NULL, 'Saint-Pierre-d''Albigny', 73250, 'SPA', 898163, 2069131),
(716, '87571240', 'Saint-Pierre des Corps', 'Centre', NULL, 'Saint-Pierre-des-Corps', 37700, 'SPC', 478339, 2266365),
(717, '87444216', 'Saint-Pierre sur Dives', 'Rouen', NULL, 'Saint-Pierre-sur-Dives', 14170, 'SPD', 425990, 2449806),
(718, '87746313', 'Saint-Pierre en Faucigny', 'Rhône-Alpes', NULL, 'Saint-Pierre-en-Faucigny', 74130, 'SPE', 912410, 2125708),
(719, '87696294', 'Saint-Pierre le Moutier', 'Bourgogne', NULL, 'Saint-Pierre-le-Moûtier', 0, 'SPM', 659178, 2199549),
(720, '87684217', 'Souppes-Ch', 'Île-de-France', NULL, 'Souppes-sur-Loing', 77460, 'SPP', 629649, 2353725),
(721, '87723353', 'Saint-Priest', 'Rhône-Alpes', NULL, 'Saint-Priest', 69800, 'SPR', 802342, 2079599),
(722, '87342337', 'Saint-Pol sur Ternoise', 'Nord-Pas-de-Calais', NULL, 'Saint-Pol-sur-Ternoise', 62130, 'SPT', 600178, 2598229),
(723, '87723387', 'Saint-Quentin Fallavier', 'Rhône-Alpes', NULL, 'Saint-Quentin-Fallavier', 38070, 'SQF', 815428, 2074648),
(724, '87212191', 'Strasbourg Roethig', 'Alsace', NULL, 'Lingolsheim', 67380, 'SQG', 995050, 2409449),
(725, '87296004', 'Saint-Quentin', 'Picardie', NULL, 'Saint-Quentin', 2100, 'SQT', 669177, 2538589),
(726, '87761106', 'Saint-Rambert d''Albon', 'Rhône-Alpes', NULL, 'Saint-Rambert-d''Albon', 26140, 'SRA', 794071, 2036088),
(727, '87611368', 'Saverdun', 'Midi-Pyrénées', NULL, 'Saverdun', 0, 'SRN', 537661, 1804411),
(728, '87313080', 'Saint-Roch', 'Picardie', NULL, 'Amiens', 80000, 'SRO', 596203, 2544116),
(729, '87726430', 'Saint-Romain-le-Puy', 'Rhône-Alpes', NULL, 'Saint-Romain-le-Puy', 42610, 'SRP', 739321, 2063153),
(730, '87757526', 'Saint-Rapha', 'Provence-Alpes-Côte-d''Azur', NULL, 'Saint-Raphaël', 83610, 'SRV', 959310, 1834735),
(731, '87592345', 'Saint-Sulpice Lauri', 'Limousin', NULL, 'Saint-Sulpice-Laurière', 87370, 'SSL', 533421, 2116660),
(732, '87592345', 'Saint-Sulpice Lauri', 'Adrar - ?????', NULL, '', 0, 'SSL', 0, 0),
(733, '87745828', 'Seyssel - Corbonod', 'Rhône-Alpes', NULL, 'Corbonod', 74910, 'SSS', 870818, 2113000),
(734, '87615344', 'Saint-Sulpice (Tarn)', 'Midi-Pyrénées', NULL, 'Saint-Sulpice-la-Pointe', 81370, 'SST', 547159, 1863967),
(735, '87144014', 'Saint-Di', 'Lorraine', NULL, 'Paroisse Saint-Dié', 88100, 'STD', 942181, 2374814),
(736, '87773200', 'S', 'Languedoc-Roussillon', NULL, 'Sète', 34200, 'STE', 710306, 1824356),
(737, '87212027', 'Strasbourg', 'Alsace', NULL, 'Strasbourg', 67001, 'STG', 998169, 2412168),
(738, '87595249', 'Saint-Astier', 'Aquitaine', NULL, 'Saint-Astier', 24110, 'STK', 457309, 2017029),
(739, '87182139', 'Saint-Louis Haut-Rhin', 'Alsace', NULL, 'Saint-Louis', 68330, 'STL', 992296, 2300908),
(740, '87723742', 'Saint-Marcel en Dombes', 'Rhône-Alpes', NULL, 'Saint-Marcel', 0, 'STM', 804721, 2109007),
(741, '87281444', 'Saint-Omer', 'Nord-Pas-de-Calais', NULL, 'Saint-Omer', 62219, 'STO', 595076, 2639987),
(742, '87313718', 'Saint-Omer-en-Chauss', 'Picardie', NULL, 'Milly-sur-Thérain', 60112, 'SHS', 575445, 2503814),
(743, '87214056', 'S', 'Alsace', NULL, 'Sélestat', 67600, 'STT', 978982, 2374637),
(744, '87487603', 'Saumur', 'Pays de la Loire', NULL, 'Saumur', 49412, 'SUD', 417825, 2254929),
(745, '87761130', 'Saint-Vallier sur Rh', 'Rhône-Alpes', NULL, 'Saint-Vallier', 7370, 'SUO', 794755, 2023638),
(746, '87741306', 'Saint-Avre - La Chambre', 'Rhône-Alpes', NULL, 'Saint-Avre', 73130, 'SVB', 910736, 2047020),
(747, '87783365', 'S', 'Midi-Pyrénées', NULL, 'Paroisse Saint-Jean des Sources', 12150, 'SVC', 657543, 1925161),
(748, '87721043', 'Saint-Victor - Thizy', 'Rhône-Alpes', NULL, 'Saint-Victor-sur-Rhins', 42840, 'SVH', 750610, 2113235),
(749, '87723791', 'Servas - Lent', 'Rhône-Alpes', NULL, 'Saint-André-sur-Vieux-Jonc', 1960, 'SVN', 818769, 2129548),
(750, '87723783', 'Saint-Paul-de-Varax', 'Rhône-Alpes', NULL, 'Servas', 1960, 'SVX', 815805, 2126038),
(751, '87762906', 'Lyon Saint-Exup', 'Rhône-Alpes', NULL, 'Colombier-Saugnieu', 69124, 'SXA', 813228, 2083781),
(752, '87444315', 'Serquigny', 'Haute-Normandie', NULL, 'Fontaine-l''Abbé', 0, 'SYD', 481867, 2457851),
(753, '87783241', 'Saint-Ch', 'Languedoc-Roussillon', NULL, 'Saint-Chély-d''Apcher', 48200, 'SYH', 673945, 1978320),
(754, '87723700', 'Sathonay - Rillieux', 'Rhône-Alpes', NULL, 'Sathonay-Camp', 69580, 'SYR', 797265, 2094291),
(755, '87696260', 'Saincaize', 'Bourgogne', NULL, 'Saincaize-Meauce', 58470, 'SZE', 655999, 2214870),
(756, '87722546', 'S', 'Rhône-Alpes', NULL, 'Sérézin-du-Rhône', 69360, 'SZN', 793497, 2072699),
(757, '87618710', 'Salechan Siradan', 'Midi-Pyrénées', NULL, 'Bagiry', 31510, 'SZS', 460621, 1774851),
(758, '87761163', 'Tain-l''Hermitage - Tournon', 'Rhône-Alpes', NULL, 'Tain-l''Hermitage', 0, 'TAI', 797153, 2011090),
(759, '87144097', 'Thaon', 'Lorraine', NULL, 'Paroisse Saint-Brice', 88150, 'TAO', 902940, 2368486),
(760, '87721472', 'Tarare', 'Rhône-Alpes', NULL, 'Tarare', 69172, 'TAR', 763174, 2101017),
(761, '87721514', 'Tassin', 'Rhône-Alpes', NULL, 'Tassin-la-Demi-Lune', 69160, 'TAS', 788403, 2087481),
(762, '87696161', 'Tracy-Sancerre', 'Bourgogne', NULL, 'Tracy-sur-Loire', 0, 'TAY', 641109, 2259831),
(763, '87671008', 'Tarbes', 'Midi-Pyrénées', NULL, 'Tarbes', 65000, 'TBS', 415553, 1806811),
(764, '87765354', 'Tarascon-sur-Rh', 'Provence-Alpes-Côte-d''Azur', NULL, 'Tarascon', 13150, 'TCN', 786955, 1869365),
(765, '87444372', 'Trouville - Deauville', 'Rouen', NULL, 'Deauville', 14360, 'TDE', 436304, 2486899),
(766, '87743757', 'Tenay - Hauteville', 'Rhône-Alpes', NULL, 'Argis', 1230, 'TEN', 845402, 2107388),
(767, '87783456', 'Tournemire Roquefort', 'Midi-Pyrénées', NULL, 'Tournemire', 12250, 'TEO', 654627, 1885626),
(768, '87446179', 'Saint-Cyprien Ar', 'Midi-Pyrénées', NULL, 'Toulouse', 31300, 'TEW', 525596, 1843971),
(769, '87741629', 'Frontenex', 'Rhône-Alpes', NULL, 'Frontenex', 73460, 'TFF', 910049, 2077865),
(770, '87741611', 'Gr', 'Rhône-Alpes', NULL, 'Grésy-sur-Isère', 0, 'TGG', 905952, 2073640),
(771, '87142109', 'Lorraine TGV', 'Lorraine', NULL, 'Cheminot', 0, 'TGL', 880681, 2445265),
(772, '87147322', 'Meuse TGV', 'Lorraine', NULL, 'Les Trois-Domaines', 55220, 'TGM', 814901, 2446269),
(773, '87296442', 'Tergnier', 'Picardie', NULL, 'Tergnier', 2700, 'TGR', 669444, 2518459),
(774, '87191007', 'Thionville', 'Lorraine', NULL, 'Thionville', 57100, 'THL', 878566, 2490833),
(775, '87595579', 'Thenon', 'Aquitaine', NULL, 'Azerat', 0, 'THN', 500282, 2018528),
(776, '87745646', 'Thonon les Bains', 'Rhône-Alpes', NULL, 'Thonon-les-Bains', 74200, 'THO', 918770, 2160502),
(777, '87595124', 'Thiviers', 'Aquitaine', NULL, 'Thiviers', 0, 'TIV', 489219, 2047499),
(778, '87182352', 'Turckheim', 'Alsace', NULL, '', 68230, 'TKM', 968044, 2354512),
(779, '87761759', 'Tullins - Fures', 'Rhône-Alpes', NULL, 'Tullins', 38210, 'TLE', 847491, 2038348),
(780, '87755009', 'Toulon', 'Provence-Alpes-Côte-d''Azur', NULL, 'Toulon', 83000, 'TLN', 892807, 1798432),
(781, '87594408', 'Terrasson', 'Aquitaine', NULL, 'Terrasson-Lavilledieu', 24120, 'TOD', 518482, 2015549),
(782, '87353573', 'Le Toec', 'Midi-Pyrénées', NULL, 'Toulouse', 31300, 'TOE', 524375, 1844181),
(783, '87141044', 'Toul', 'Lorraine', NULL, 'Paroisse Saint-Mansuy du Toulois', 54200, 'TOL', 859829, 2414451),
(784, '87725622', 'Tournus', 'Bourgogne', NULL, 'Tournus', 71700, 'TOS', 796981, 2177295),
(785, '87118000', 'Troyes', 'Champagne-Ardenne', NULL, 'Troyes', 10000, 'TOY', 728299, 2367635),
(786, '87611590', 'Tarascon sur Ari', 'Midi-Pyrénées', NULL, 'Tarascon-sur-Ariège', 9400, 'TRC', 539663, 1760981),
(787, '87286542', 'Tourcoing', 'Nord-Pas-de-Calais', NULL, 'Tourcoing', 59200, 'TRG', 658859, 2636171),
(788, '87571000', 'Tours', 'Centre', NULL, 'Tours', 37000, 'TRS', 475967, 2266868),
(789, '87611004', 'Toulouse Matabiau', 'Midi-Pyrénées', NULL, 'Toulouse', 31506, 'TSE', 528618, 1845908),
(790, '87721548', 'La Tour-de-Salvagny', 'Rhône-Alpes', NULL, 'La Tour-de-Salvagny', 69890, 'TSW', 784973, 2091663),
(791, '87582643', 'La Teste', 'Aquitaine', NULL, 'La Teste-de-Buch', 33312, 'TTE', 323851, 1965680),
(792, '87594499', 'Tulle', 'Limousin', NULL, 'Tulle', 19000, 'TUL', 554455, 2028856),
(793, '87191130', 'Uckange', 'Lorraine', NULL, 'Uckange', 57270, 'UCK', 877948, 2485165),
(794, '87594200', 'Uzerche', 'Limousin', NULL, 'Uzerche', 19140, 'URE', 540034, 2049202),
(795, '87594093', 'Ussel', 'Limousin', NULL, 'Ussel', 19200, 'USL', 598273, 2061882),
(796, '87696351', 'Varennes-sur-Allier', 'Auvergne', NULL, 'Varennes-sur-Allier', 0, 'VAA', 681451, 2146694),
(797, '87763029', 'Valence TGV Rh', 'Rhône-Alpes', NULL, 'Alixan', 26320, 'VAL', 808395, 2002478),
(798, '87476606', 'Vannes', 'Bretagne', NULL, 'Vannes', 56000, 'VAN', 218046, 2308574),
(799, '87723577', 'La Valbonne', 'Rhône-Alpes', NULL, 'Béligneux', 1360, 'VAO', 816547, 2098171),
(800, '87447284', 'Valognes', 'Basse-Normandie', NULL, 'Valognes', 50700, 'VAS', 323381, 2507625),
(801, '87761007', 'Valence', 'Rhône-Alpes', NULL, 'Valence', 26000, 'VCE', 801890, 1995213),
(802, '87393009', 'Versailles Chantiers', 'Île-de-France', NULL, 'Versailles', 78000, 'VCR', 585222, 2421924),
(803, '87144063', 'Vincey', 'Lorraine', NULL, 'Portieux', 0, 'VCY', 896411, 2379148),
(804, '87415877', 'Val de Reuil', 'Haute-Normandie', NULL, 'Val-de-Reuil', 27100, 'VDR', 519026, 2475876),
(805, '87447698', 'Villedieu les Po', 'Basse-Normandie', NULL, 'Villedieu-les-Poêles', 50800, 'VDS', 338454, 2432128),
(806, '87571216', 'Vend', 'Centre', NULL, 'Vendôme', 0, 'VDT', 501389, 2314262),
(807, '87741140', 'Viviers du Lac', 'Rhône-Alpes', NULL, 'Viviers-du-Lac', 73420, 'VDX', 877966, 2078325),
(808, '87763300', 'Veynes Devoluy', 'Provence-Alpes-Côte-d''Azur', NULL, 'Veynes', 0, 'VDY', 876644, 1954015),
(809, '87393595', 'Verneuil sur Avre', 'Haute-Normandie', NULL, 'Verneuil-sur-Avre', 27130, 'VEA', 496453, 2416955),
(810, '87723395', 'La Verpilli', 'Rhône-Alpes', NULL, 'La Verpillière', 38290, 'VEI', 819428, 2073620),
(811, '87576009', 'Vierzon', 'Centre', NULL, 'Vierzon', 18100, 'VER', 579046, 2247454),
(812, '87185009', 'Vesoul', 'Franche-Comté', NULL, 'Vesoul', 70000, 'VES', 886694, 2297874),
(813, '87745414', 'Valleiry', 'Rhône-Alpes', NULL, 'Valleiry', 74520, 'VEY', 880591, 2129719),
(814, '87594218', 'Vigeois', 'Limousin', NULL, 'Vigeois', 19410, 'VGE', 535655, 2042828),
(815, '87212118', 'Vendenheim', 'Alsace', NULL, 'Vendenheim', 67550, 'VHM', 996235, 2421038),
(816, '87732008', 'Vichy', 'Auvergne', NULL, 'Vichy', 3200, 'VHY', 684540, 2125786),
(817, '87773531', 'Vic - Mireval', 'Languedoc-Roussillon', NULL, 'Vic-la-Gardiole', 34690, 'VIC', 718493, 1834314),
(818, '87722587', 'Vienne', 'Rhône-Alpes', NULL, 'Vienne', 38200, 'VIE', 798263, 2061067),
(819, '87448159', 'Vire', 'Basse-Normandie', NULL, 'Vire', 14500, 'VIR', 363628, 2432400),
(820, '87721332', 'Villefranche-sur-Sa', 'Rhône-Alpes', NULL, 'Villefranche-sur-Saône', 69400, 'VIS', 784714, 2112157),
(821, '87723759', 'Villars-les-Dombes', 'Rhône-Alpes', NULL, 'Villars-les-Dombes', 1330, 'VLD', 808460, 2115127),
(822, '87775197', 'Villefort', 'Languedoc-Roussillon', NULL, 'Villefort', 48800, 'VLF', 726407, 1938876),
(823, '87641357', 'Vallon-en-Sully', 'Auvergne', NULL, 'Vallon-en-Sully', 0, 'VLL', 621037, 2170752),
(824, '87773515', 'Villeneuve-l', 'Languedoc-Roussillon', NULL, 'Villeneuve-lès-Maguelone', 34750, 'VLM', 722461, 1839117),
(825, '87761726', 'Vinay', 'Rhône-Alpes', NULL, 'Vinay', 38470, 'VNA', 841469, 2027763),
(826, '87722264', 'Vernaison', 'Rhône-Alpes', NULL, 'Vernaison', 69390, 'VNI', 793061, 2074739),
(827, '87415604', 'Vernon', 'Haute-Normandie', NULL, 'Vernon', 0, 'VNO', 537281, 2455154),
(828, '87747287', 'Voiron', 'Rhône-Alpes', NULL, 'Voiron', 38500, 'VOR', 855256, 2045682),
(829, '87741108', 'Vions - Chanaz', 'Rhône-Alpes', NULL, 'Vions', 73310, 'VOZ', 869625, 2097518),
(830, '87595892', 'Villefranche du P', 'Aquitaine', NULL, 'Loubejac', 24550, 'VPD', 497784, 1959292),
(831, '87747337', 'Voreppe', 'Rhône-Alpes', NULL, 'Voreppe', 38340, 'VPE', 858512, 2037627),
(832, '87747204', 'Virieu sur Bourbre', 'Rhône-Alpes', NULL, 'Panissage', 38730, 'VRB', 845076, 2059477),
(833, '87741504', 'Virieu-le-Grand - Belley', 'Rhône-Alpes', NULL, 'Virieu-le-Grand', 1510, 'VRU', 857583, 2099660),
(834, '87613893', 'Villefranche-de-Rouergue', 'Midi-Pyrénées', NULL, 'Villefranche-de-Rouergue', 12200, 'VRW', 576062, 1927443),
(835, '87172114', 'Vireux-Molhain', 'Champagne-Ardenne', NULL, 'Vireux-Molhain', 8320, 'VRX', 771058, 2567813),
(836, '87343004', 'Valenciennes', 'Nord-Pas-de-Calais', NULL, 'Valenciennes', 59300, 'VSN', 684160, 2597088),
(837, '87723320', 'V', 'Rhône-Alpes', NULL, 'Vénissieux', 69200, 'VSX', 798664, 2081587),
(838, '87471508', 'Vitr', 'Bretagne', NULL, 'Vitré', 0, 'VTE', 335870, 2352994),
(839, '87481408', 'Vertou', 'Pays de la Loire', NULL, 'Vertou', 44120, 'VTU', 311030, 2249942),
(840, '87734426', 'Vertaizon', 'Auvergne', NULL, 'Vertaizon', 63910, 'VTZ', 674007, 2087588),
(841, '87721266', 'Albigny Neuville', 'Rhône-Alpes', NULL, 'Albigny-sur-Saône', 69250, 'VVN', 793777, 2100252),
(842, '87174276', 'Vitry-le-Fran', 'Champagne-Ardenne', NULL, 'Vitry-le-François', 51300, 'VYF', 765670, 2415616),
(843, '87775114', 'Verg', 'Languedoc-Roussillon', NULL, 'Vergèze', 30310, 'VZC', 751808, 1861603),
(844, '87613661', 'Viviez-D', 'Midi-Pyrénées', NULL, 'Viviez', 12110, 'VZI', 590576, 1950685),
(845, '87182360', 'Walbach', 'Alsace', NULL, 'Wintzenheim', 68230, 'WAH', 964848, 2351248),
(846, '87721522', 'Le M', 'Rhône-Alpes', NULL, '', 69260, 'WER', 787578, 2088268),
(847, '87213678', 'Weyersheim', 'Alsace', NULL, 'Weyersheim', 67720, 'WEY', 1001669, 2427210),
(848, '87182378', 'Wihr-au-Val - Soultzbach', 'Alsace', NULL, 'Wihr-au-Val', 0, 'WIH', 963147, 2349811),
(849, '87213744', 'Wingen-sur-Moder', 'Alsace', NULL, 'Wingen-sur-Moder', 0, 'WMG', 969633, 2447622),
(850, '87192088', 'Woippy', 'Lorraine', NULL, 'Woippy', 57147, 'WPY', 878720, 2467933),
(851, '87611301', 'Saint-Agne', 'Midi-Pyrénées', NULL, 'Toulouse', 31400, 'XAE', 528254, 1842329),
(852, '87759316', 'Saint-Joseph le Castellas', 'Provence-Alpes-Côte-d''Azur', NULL, 'Marseille', 13015, 'XJC', 846651, 1821438),
(853, '87146217', 'Saint-Nabord', 'Lorraine', NULL, 'Paroisse du Saint-Mont', 88200, 'XNB', 916396, 2347045),
(854, '87759290', 'Picon Busserine', 'Provence-Alpes-Côte-d''Azur', NULL, 'Marseille', 13014, 'XPC', 848255, 1819142),
(855, '87354597', 'Saint-S', 'Pays de la Loire', NULL, 'Saint-Sébastien-sur-Loire', 44230, 'XTD', 309708, 2250486),
(856, '87354589', 'Saint-S', 'Pays de la Loire', NULL, 'Saint-Sébastien-sur-Loire', 44230, 'XTX', 308638, 2252375),
(857, '87413385', 'Yvetot', 'Haute-Normandie', NULL, 'Yvetot', 76190, 'YVT', 485251, 2515060);

-- --------------------------------------------------------

--
-- Structure de la table `partenaire`
--

DROP TABLE IF EXISTS `partenaire`;
CREATE TABLE IF NOT EXISTS `partenaire` (
  `idPartenaire` int(11) NOT NULL AUTO_INCREMENT,
  `nomPartenaire` varchar(100) DEFAULT NULL,
  `fbPartenaire` varchar(255) DEFAULT NULL,
  `twPartenaire` varchar(255) DEFAULT NULL,
  `gooPartenaire` varchar(255) DEFAULT NULL,
  `urlPartenaire` varchar(255) DEFAULT NULL,
  `logoPartenaire` varchar(255) DEFAULT NULL,
  `descPartenaire` varchar(255) DEFAULT NULL,
  PRIMARY KEY (`idPartenaire`)
) ENGINE=InnoDB  DEFAULT CHARSET=latin1 AUTO_INCREMENT=3 ;

--
-- Contenu de la table `partenaire`
--

INSERT INTO `partenaire` (`idPartenaire`, `nomPartenaire`, `fbPartenaire`, `twPartenaire`, `gooPartenaire`, `urlPartenaire`, `logoPartenaire`, `descPartenaire`) VALUES
(1, 'TER', NULL, NULL, NULL, 'www.ter.sncf.fr', 'ter.jpg', 'TER SNCF'),
(2, 'Starbuck', NULL, NULL, NULL, 'www.starbuck.Fr', 'Starbucks.png', 'Starbuck vous propose des cafés dans cette gare');

-- --------------------------------------------------------

--
-- Structure de la table `participant`
--

DROP TABLE IF EXISTS `participant`;
CREATE TABLE IF NOT EXISTS `participant` (
  `idParticipant` int(11) NOT NULL AUTO_INCREMENT,
  `fb` varchar(255) DEFAULT NULL,
  `tw` varchar(255) DEFAULT NULL,
  `google` varchar(255) DEFAULT NULL,
  `nom` varchar(255) DEFAULT NULL,
  `prenom` varchar(255) DEFAULT NULL,
  `pseudo` varchar(255) DEFAULT NULL,
  PRIMARY KEY (`idParticipant`)
) ENGINE=InnoDB  DEFAULT CHARSET=latin1 AUTO_INCREMENT=5 ;

--
-- Contenu de la table `participant`
--

INSERT INTO `participant` (`idParticipant`, `fb`, `tw`, `google`, `nom`, `prenom`, `pseudo`) VALUES
(1, NULL, '@alexsolex', NULL, 'perret', 'alexandre', 'alexsolex'),
(2, NULL, NULL, NULL, 'horn', 'fred', 'fredo'),
(3, NULL, NULL, NULL, 'catel', 'thierry', 'titi'),
(4, NULL, '@bootsymayfield', NULL, 'soyris', 'laurent', 'lolo');

-- --------------------------------------------------------

--
-- Structure de la table `participer`
--

DROP TABLE IF EXISTS `participer`;
CREATE TABLE IF NOT EXISTS `participer` (
  `idParticipant` int(11) NOT NULL,
  `idQuizz` int(11) NOT NULL,
  PRIMARY KEY (`idParticipant`,`idQuizz`),
  KEY `fk_utilisateur_has_quizz_quizz1_idx` (`idQuizz`),
  KEY `fk_utilisateur_has_quizz_utilisateur_idx` (`idParticipant`)
) ENGINE=InnoDB DEFAULT CHARSET=latin1;

-- --------------------------------------------------------

--
-- Structure de la table `question`
--

DROP TABLE IF EXISTS `question`;
CREATE TABLE IF NOT EXISTS `question` (
  `idQuestion` int(11) NOT NULL AUTO_INCREMENT,
  `libelle` varchar(1000) NOT NULL,
  `reponse` varchar(255) NOT NULL,
  `erreur1` varchar(255) NOT NULL,
  `erreur2` varchar(255) NOT NULL,
  `erreur3` varchar(255) NOT NULL,
  `url` varchar(255) DEFAULT NULL,
  `type` varchar(255) DEFAULT 'wikipedia',
  PRIMARY KEY (`idQuestion`)
) ENGINE=InnoDB  DEFAULT CHARSET=latin1 AUTO_INCREMENT=941 ;

--
-- Contenu de la table `question`
--

INSERT INTO `question` (`idQuestion`, `libelle`, `reponse`, `erreur1`, `erreur2`, `erreur3`, `url`, `type`) VALUES
(1, 'ceci est une question', 'ok', 'non', 'non2', 'non3', NULL, 'wikipedia'),
(2, 'ceci est une autre question', 'bonne réponse', 'erreur', 'pas du tout', 'et non', 'http://un.lien.vers.des.infos', 'wikipedia'),
(3, 'Une commune française, située dans le département du Nord (59) en région Nord-Pas-de-Calais.\r\nLe nom jeté des habitants est les "pourchots", signifiant « porc » en picard.', 'Orchies', 'Lille', 'Charleville', 'Paris', 'http://fr.wikipedia.org/wiki/Orchies', 'wikipedia'),
(4, 'Une commune du nord de la France, préfecture du département du Nord et chef-lieu en région Nord-pas-de-Calais, surnommée la « Capitale des Flandres ».', 'Lille', 'Orchies', 'Simcity', 'bruxelles', 'http://fr.wikipedia.org/wiki/Lille', 'wikipedia'),
(935, 'Quelle est la régularité des trains du Nord-pas-de-Calais pour décembre 2012 ?', '97,1%', '91,1%', '87,5%', '85,3%', NULL, 'regularité'),
(936, 'Qui va gagner le hackathon TER ?', 'La Poulpe Team', 'La Poulpe Team', 'La Poulpe Team', 'La Poulpe Team', NULL, 'wikipedia'),
(937, '* *  est une commune française, capitale historique, administrative et universitaire du département du Pas-de-Calais au cœur de la zone économique agroalimentaire la plus étendue au nord de Paris. Chef-lieu du Pas-de-Calais, * * est, avec ses 42 000 habitants, la troisième ville la plus peuplée du département après Calais et Boulogne-sur-Mer. Avec Lille et les villes de l''ancien bassin minier du Nord-Pas-de-Calais, elle participe aussi à un ensemble métropolitain de près de 3,8 millions d''habitants, appelé « aire métropolitaine de Lille ». * * est le siège de la communauté urbaine d''* * et le second pôle administratif de la région Nord-Pas-de-Calais. Historiquement, * * était sous l’Ancien Régime la capitale de la province d’Artois, un grand centre religieux et une cité prospère connue pour ses fabrications drapières. Ville universitaire, * * se caractérise aujourd''hui par sa grande jeunesse; en effet, 33 % des habitants de l’agglo.', 'Arras', 'Saint-Pol sur Ternoise', 'Etaples le Touquet', 'Caudry', NULL, 'wikipedia'),
(938, '* * est une commune française, située dans la région Nord-Pas-de-Calais et le département du Nord . Limitrophe du département de l''Aisne, * * est située à l''extrémité sud-est de l''arrondissement de Cambrai auquel elle est rattachée. Longtemps possession du chapitre de l''église Saint-Géry de Cambrai, le village partageait son activité entre l''agriculture et le tissage, comme beaucoup d''autres dans cette région. Avec la construction, dans la deuxième moité du XIXe siècle, de la ligne de chemin de fer Saint-Quentin - Hautmont, section de la ligne Paris - Bruxelles, puis d''embranchements vers Cambrai et Hirson, la commune devint un nœud ferroviaire important du nord de la France. La ligne Paris - Bruxelles a perdu de son importance depuis l''ouverture de la LGV Nord, et l''industrie textile a disparu dans la deuxième moité du XXe siècle. * *', 'Busigny', 'Jeumont', 'Roubaix', 'Valenciennes', NULL, 'wikipedia'),
(939, '* * est une commune française, sous-préfecture du département du Pas-de-* *, dans la région du Nord-Pas-de-* *. Ses habitants sont appelés les * *iens. La ville de * * est la première ville du département par sa population et sa superficie, bien qu''elle n''en soit pas le chef-lieu . Elle est également la première ville française de liaison avec l''Angleterre grâce à son port, premier port français de passagers et au tunnel sous la Manche.', 'Calais', 'Croix - Wasquehal', 'Lille Europe', 'Maubeuge', NULL, 'wikipedia'),
(940, 'Quelle est la régularité des trains du Nord-pas-de-Calais pour septembre 2013 ?', '98,6%', '78%', '89,6%', '94,8%', NULL, 'wikipedia');

-- --------------------------------------------------------

--
-- Structure de la table `quizz`
--

DROP TABLE IF EXISTS `quizz`;
CREATE TABLE IF NOT EXISTS `quizz` (
  `idQuizz` int(11) NOT NULL AUTO_INCREMENT,
  `dateDebut` datetime DEFAULT NULL,
  `dateFin` datetime DEFAULT NULL,
  `estRepondu` tinyint(1) DEFAULT NULL,
  `idPartenaire` int(11) NOT NULL,
  `idQuestion` int(11) NOT NULL,
  `idGain` int(11) DEFAULT NULL,
  `idParticipant` int(11) DEFAULT NULL,
  `idGare` int(11) NOT NULL,
  PRIMARY KEY (`idQuizz`),
  KEY `fk_quizz_partenaire1_idx` (`idPartenaire`),
  KEY `fk_quizz_question1_idx` (`idQuestion`),
  KEY `fk_quizz_gain1_idx` (`idGain`),
  KEY `fk_quizz_utilisateur1_idx` (`idParticipant`),
  KEY `fk_quizz_gare1_idx` (`idGare`)
) ENGINE=InnoDB  DEFAULT CHARSET=latin1 AUTO_INCREMENT=10 ;

--
-- Contenu de la table `quizz`
--

INSERT INTO `quizz` (`idQuizz`, `dateDebut`, `dateFin`, `estRepondu`, `idPartenaire`, `idQuestion`, `idGain`, `idParticipant`, `idGare`) VALUES
(1, '2013-11-24 10:21:44', NULL, 0, 2, 3, 1, NULL, 397),
(2, '2013-11-23 22:17:41', '2013-11-24 10:21:44', 0, 2, 4, 2, NULL, 397),
(3, '2013-11-21 18:02:56', '2013-11-21 18:04:29', 0, 1, 936, 4, NULL, 397),
(4, NULL, NULL, 0, 1, 936, 3, NULL, 397),
(5, NULL, NULL, 0, 2, 935, 1, NULL, 397),
(6, NULL, NULL, 0, 2, 937, 1, NULL, 397),
(7, NULL, NULL, 0, 2, 938, 3, NULL, 397),
(8, NULL, NULL, 0, 1, 939, 4, NULL, 397),
(9, NULL, NULL, NULL, 1, 940, 2, NULL, 397);

-- --------------------------------------------------------

--
-- Structure de la table `situer`
--

DROP TABLE IF EXISTS `situer`;
CREATE TABLE IF NOT EXISTS `situer` (
  `idGare` int(11) NOT NULL,
  `idPartenaire` int(11) NOT NULL,
  PRIMARY KEY (`idGare`,`idPartenaire`),
  KEY `fk_gare_has_partenaire_partenaire1_idx` (`idPartenaire`),
  KEY `fk_gare_has_partenaire_gare1_idx` (`idGare`)
) ENGINE=InnoDB DEFAULT CHARSET=latin1;

--
-- Contenu de la table `situer`
--

INSERT INTO `situer` (`idGare`, `idPartenaire`) VALUES
(1, 1),
(374, 1),
(374, 2);

-- --------------------------------------------------------

--
-- Structure de la table `table 9`
--

DROP TABLE IF EXISTS `table 9`;
CREATE TABLE IF NOT EXISTS `table 9` (
  `COL1` varchar(44) DEFAULT NULL,
  `COL2` varchar(8) DEFAULT NULL,
  `COL3` varchar(27) DEFAULT NULL
) ENGINE=InnoDB DEFAULT CHARSET=utf8;

--
-- Contenu de la table `table 9`
--

INSERT INTO `table 9` (`COL1`, `COL2`, `COL3`) VALUES
('ABLON', '87545269', 'entre  1000 et 5000'),
('ACHERES GRAND CORMIER', '87386052', 'entre  300 et 1000'),
('ACHERES VILLE', '87381657', 'entre  5000 et 15000'),
('AEROPORT CHARLES DE GAULLE 1', '87271460', 'entre  5000 et 15000'),
('AEROPORT CHARLES DE GAULLE 2 TGV', '87001479', 'entre  5000 et 15000'),
('ALLEE DE LA TOUR RENDEZ VOUS ', '87113878', 'entre  300 et 1000'),
('ANDRESY', '87381491', 'entre  300 et 1000'),
('ANGERVILLE', '87543090', 'moins de 300'),
('ARGENTEUIL', '87381848', 'plus de 15000'),
('ARPAJON ', '87545467', 'entre  1000 et 5000'),
('ASNIERES SUR SEINE ', '87381137', 'plus de 15000'),
('ATHIS MONS', '87545251', 'entre  1000 et 5000'),
('AUBERGENVILLE ELISABETHVILLE', '87386730', 'entre  1000 et 5000'),
('AULNAY SOUS BOIS', '87271411', 'plus de 15000'),
('AUVERS SUR OISE', '87276543', 'moins de 300'),
('AVENUE DU PRESIDENT KENNEDY ', '87543207', 'entre  1000 et 5000'),
('AVENUE FOCH', '87381038', 'entre  1000 et 5000'),
('AVENUE HENRI MARTIN', '87381046', 'entre  1000 et 5000'),
('BAGNEAUX SUR LOING', '87684191', 'moins de 300'),
('BALLANCOURT', '87681437', 'entre  300 et 1000'),
('BECON LES BRUYERES', '87382002', 'plus de 15000'),
('BELLEVUE', '87393116', 'entre  1000 et 5000'),
('BELLOY SAINT-MARTIN', '87276550', 'moins de 300'),
('BESSANCOURT', '87276642', 'entre  1000 et 5000'),
('BEYNES', '87393363', 'moins de 300'),
('BIBLIOTHEQUE FRANCOIS MITTERRAND', '87328328', 'plus de 15000'),
('BIEVRES', '87393546', 'entre  300 et 1000'),
('BOIGNEVILLE', '87684407', 'moins de 300'),
('BOIS COLOMBES', '87381079', 'entre  5000 et 15000'),
('BOIS LE ROI', '87682203', 'entre  1000 et 5000'),
('BOISSISE LE ROI', '87682518', 'moins de 300'),
('BOISSY L''AILLERIE', '87381152', 'entre  300 et 1000'),
('BONDY', '87113407', 'plus de 15000'),
('BONNIERES', '87415893', 'entre  1000 et 5000'),
('BOUFFEMONT MOISSELLES', '87276485', 'entre  1000 et 5000'),
('BOUGIVAL', '87382440', 'entre  1000 et 5000'),
('BOULAINVILLIERS', '87543181', 'entre  5000 et 15000'),
('BOULEVARD VICTOR PONT DU GARIGLIANO', '87393322', 'entre  5000 et 15000'),
('BOURAY', '87545178', 'entre  1000 et 5000'),
('BOURRON MARLOTTE GRETZ', '87684118', 'moins de 300'),
('BOUSSY SAINT-ANTOINE', '87682138', 'entre  5000 et 15000'),
('BOUTIGNY', '87681478', 'entre  300 et 1000'),
('BRETIGNY', '87545194', 'entre  5000 et 15000'),
('BREUILLET BRUYERES LE CHATEL', '87545483', 'entre  1000 et 5000'),
('BREUILLET VILLAGE', '87545491', 'entre  1000 et 5000'),
('BREVAL', '87381624', 'entre  300 et 1000'),
('BRUNOY', '87682120', 'entre  5000 et 15000'),
('BRUYERES SUR OISE', '87276451', 'moins de 300'),
('BUNO GIRONVILLE', '87681510', 'moins de 300'),
('CERGY LE HAUT', '87382655', 'entre  5000 et 15000'),
('CERGY PREFECTURE', '87381905', 'plus de 15000'),
('CERGY SAINT-CHRISTOPHE', '87382499', 'entre  5000 et 15000'),
('CERNAY', '87276063', 'entre  5000 et 15000'),
('CESSON', '87682161', 'entre  1000 et 5000'),
('CHAMARANDE', '87545152', 'entre  300 et 1000'),
('CHAMP DE COURSES D''ENGHIEN', '87276030', 'entre  1000 et 5000'),
('CHAMP DE MARS TOUR EIFFEL', '87393058', 'entre  5000 et 15000'),
('CHAMPAGNE SUR OISE', '87276519', 'entre  300 et 1000'),
('CHAMPAGNE SUR SEINE', '87682450', 'entre  300 et 1000'),
('CHAMPBENOIST POIGNY', '87115873', 'moins de 300'),
('CHANGIS SAINT-JEAN', '87116509', 'entre  300 et 1000'),
('CHANTELOUP LES VIGNES', '87381475', 'entre  1000 et 5000'),
('CHAPONVAL', '87276162', 'moins de 300'),
('CHARS', '87381194', 'entre  300 et 1000'),
('CHARTRETTES', '87682419', 'moins de 300'),
('CHAVILLE RIVE DROITE', '87382333', 'entre  1000 et 5000'),
('CHAVILLE RIVE GAUCHE', '87393207', 'entre  1000 et 5000'),
('CHAVILLE VELIZY', '87393173', 'entre  1000 et 5000'),
('CHELLES GOURNAY', '87116111', 'plus de 15000'),
('CHEMIN D''ANTONY', '87546317', 'entre  300 et 1000'),
('CHILLY MAZARIN', '87393637', 'entre  1000 et 5000'),
('CHOISY LE ROI', '87545285', 'plus de 15000'),
('CLAMART', '87391565', 'entre  1000 et 5000'),
('CLICHY LEVALLOIS', '87381129', 'plus de 15000'),
('COIGNIERES', '87393272', 'entre  1000 et 5000'),
('COLOMBES', '87381087', 'entre  5000 et 15000'),
('COMBS LA VILLE QUINCY', '87682146', 'entre  5000 et 15000'),
('COMPANS', '87272047', 'moins de 300'),
('CONFLANS FIN D''OISE', '87381459', 'entre  5000 et 15000'),
('CONFLANS SAINTE HONORINE', '87381897', 'entre  5000 et 15000'),
('CORBEIL ESSONNES', '87681007', 'entre  5000 et 15000'),
('CORMEILLES EN PARISIS', '87381863', 'entre  5000 et 15000'),
('COUILLY SAINT-GERMAIN QUINCY', '87116731', 'moins de 300'),
('COULOMMIERS', '87116301', 'entre  1000 et 5000'),
('COURBEVOIE', '87382200', 'entre  5000 et 15000'),
('CRECY LA CHAPELLE', '87116772', 'entre  300 et 1000'),
('CROUY SUR OURCQ', '87116640', 'moins de 300'),
('DAMMARTIN JUILLY SAINT-MARD', '87271536', 'entre  1000 et 5000'),
('DEUIL MONTMAGNY', '87276345', 'entre  5000 et 15000'),
('DOMONT', '87276436', 'entre  1000 et 5000'),
('DOURDAN', '87545525', 'entre  1000 et 5000'),
('DOURDAN LA FORET', '87540179', 'entre  300 et 1000'),
('DRANCY', '87271403', 'entre  5000 et 15000'),
('ECOUEN EZANVILLE', '87276394', 'entre  1000 et 5000'),
('EGLY', '87545475', 'entre  300 et 1000'),
('EMERAINVILLE PONTAULT COMBAULT', '87116046', 'entre  5000 et 15000'),
('ENGHIEN LES BAINS', '87276022', 'entre  5000 et 15000'),
('EPINAY SUR ORGE', '87545228', 'entre  5000 et 15000'),
('EPINAY SUR SEINE', '87271148', 'entre  1000 et 5000'),
('EPINAY VILLETANEUSE', '87271122', 'plus de 15000'),
('EPLUCHES', '87276147', 'moins de 300'),
('EPONE MEZIERES', '87386763', 'entre  1000 et 5000'),
('ERAGNY NEUVILLE', '87381418', 'entre  300 et 1000'),
('ERMONT EAUBONNE', '87276055', 'plus de 15000'),
('ERMONT HALTE', '87276584', 'entre  1000 et 5000'),
('ESBLY', '87116327', 'entre  1000 et 5000'),
('ESSONNES ROBINSON', '87681601', 'entre  300 et 1000'),
('ETAMPES', '87545137', 'entre  1000 et 5000'),
('ETRECHY', '87545145', 'entre  1000 et 5000'),
('EVRY', '87681361', 'entre  1000 et 5000'),
('EVRY COURCOURONNES (CENTRE)', '87681387', 'plus de 15000'),
('FAREMOUTIERS POMMEUSE', '87116277', 'entre  300 et 1000'),
('FONTAINE LE PORT', '87682427', 'moins de 300'),
('FONTAINEBLEAU AVON', '87682211', 'entre  5000 et 15000'),
('FONTENAY LE FLEURY', '87393405', 'entre  1000 et 5000'),
('FRANCONVILLE LE PLESSIS BOUCHARD', '87276071', 'entre  5000 et 15000'),
('FREINVILLE SEVRAN', '87113894', 'entre  1000 et 5000'),
('FREPILLON', '87276659', 'entre  300 et 1000'),
('GAGNY', '87113514', 'entre  5000 et 15000'),
('GARANCIERES LA QUEUE', '87393439', 'entre  300 et 1000'),
('GARCHES MARNES LA COQUETTE', '87382259', 'entre  1000 et 5000'),
('GARGAN', '87113860', 'entre  1000 et 5000'),
('GARGENVILLE', '87381566', 'entre  300 et 1000'),
('GARGES SARCELLES', '87276196', 'plus de 15000'),
('GAZERAN', '87393348', 'entre  300 et 1000'),
('GENNEVILLIERS', '87271205', 'entre  1000 et 5000'),
('GOUSSAINVILLE', '87276246', 'entre  5000 et 15000'),
('GRAND BOURG ', '87681353', 'entre  300 et 1000'),
('GRAVIGNY BALIZY', '87393645', 'entre  300 et 1000'),
('GRETZ ARMAINVILLIERS', '87116012', 'entre  1000 et 5000'),
('GRIGNY CENTRE', '87681379', 'entre  5000 et 15000'),
('GROS NOYER SAINT-PRIX', '87276592', 'entre  1000 et 5000'),
('GROSLAY', '87276360', 'entre  1000 et 5000'),
('GUERARD LA CELLE SUR MORIN', '87116269', 'moins de 300'),
('GUILLERVAL', '87545129', 'moins de 300'),
('HAUSSMANN SAINT-LAZARE', '87281899', 'plus de 15000'),
('HERBLAY', '87381889', 'entre  1000 et 5000'),
('HERICY', '87682435', 'moins de 300'),
('HOUDAN', '87393462', 'entre  1000 et 5000'),
('HOUILLES CARRIERES SUR SEINE', '87386409', 'plus de 15000'),
('IGNY', '87393561', 'entre  1000 et 5000'),
('INVALIDES', '87393033', 'plus de 15000'),
('ISLES ARMENTIERES CONGIS', '87116616', 'moins de 300'),
('ISSOU PORCHEVILLE', '87381574', 'entre  300 et 1000'),
('ISSY', '87393074', 'entre  1000 et 5000'),
('ISSY VAL DE SEINE', '87393306', 'entre  5000 et 15000'),
('IVRY SUR SEINE', '87545301', 'entre  5000 et 15000'),
('JAVEL', '87393066', 'entre  5000 et 15000'),
('JOUY EN JOSAS', '87393512', 'entre  1000 et 5000'),
('JUVISY', '87545244', 'plus de 15000'),
('JUZIERS', '87381558', 'entre  300 et 1000'),
('LA BARRE ORMESSON ', '87271171', 'entre  1000 et 5000'),
('LA CELLE SAINT-CLOUD ', '87382432', 'entre  1000 et 5000'),
('LA COURNEUVE AUBERVILLIERS ', '87271304', 'entre  5000 et 15000'),
('LA DEFENSE ', '87382218', 'plus de 15000'),
('LA FERTE ALAIS ', '87681452', 'entre  1000 et 5000'),
('LA FERTE SOUS JOUARRE', '87116517', 'entre  1000 et 5000'),
('LA FRETTE MONTIGNY', '87381871', 'entre  1000 et 5000'),
('LA GARENNE COLOMBES', '87386003', 'entre  5000 et 15000'),
('LA GRANDE PAROISSE ', '87682476', 'moins de 300'),
('LA NORVILLE SAINT-GERMAIN LES ARPAJON ', '87545459', 'entre  1000 et 5000'),
('LA PLAINE STADE DE FRANCE ', '87164798', 'plus de 15000'),
('LA REMISE A JORELLE ', '87988709', 'entre  1000 et 5000'),
('LA VERRIERE', '87393256', 'entre  5000 et 15000'),
('L''ABBAYE', '87113886', 'entre  1000 et 5000'),
('LAGNY THORIGNY', '87116319', 'entre  5000 et 15000'),
('LARDY', '87545160', 'entre  300 et 1000'),
('LE BLANC MESNIL', '87271478', 'entre  1000 et 5000'),
('LE BOURGET ', '87271395', 'plus de 15000'),
('LE BRAS DE FER (EVRY GENOPOLE)', '87681395', 'entre  1000 et 5000'),
('LE CHENAY GAGNY ', '87113522', 'entre  5000 et 15000'),
('LE COUDRAY MONTCEAUX', '87681635', 'moins de 300'),
('LE MEE ', '87682179', 'entre  1000 et 5000'),
('LE PERRAY ', '87393298', 'entre  1000 et 5000'),
('LE PLESSIS CHENET ', '87681627', 'moins de 300'),
('LE RAINCY VILLEMOMBLE MONTFERMEIL ', '87113472', 'entre  5000 et 15000'),
('LE STADE', '87381095', 'entre  5000 et 15000'),
('LE VAL D''OR ', '87382366', 'entre  1000 et 5000'),
('LE VERT DE MAISONS', '87681247', 'entre  5000 et 15000'),
('LES ARDOINES ', '87492108', 'entre  1000 et 5000'),
('LES BOULLEREAUX CHAMPIGNY', '87113779', 'entre  1000 et 5000'),
('LES CLAIRIERES DE VERNEUIL ', '87386664', 'entre  300 et 1000'),
('LES COQUETIERS ', '87113845', 'entre  1000 et 5000'),
('LES ESSARTS LE ROI', '87393280', 'entre  1000 et 5000'),
('LES GRESILLONS ', '87272146', 'entre  1000 et 5000'),
('LES MUREAUX ', '87386680', 'entre  5000 et 15000'),
('LES NOUES', '87276238', 'entre  1000 et 5000'),
('LES PAVILLONS SOUS BOIS ', '87113852', 'entre  1000 et 5000'),
('LES SAULES ', '87546226', 'entre  1000 et 5000'),
('LES VALLEES ', '87386300', 'entre  5000 et 15000'),
('LES YVRIS NOISY LE GRAND ', '87113803', 'entre  1000 et 5000'),
('L''ETANG LA VILLE ', '87382473', 'entre  300 et 1000'),
('LIEUSAINT-MOISSY', '87682153', 'entre  5000 et 15000'),
('LIMAY', '87381582', 'entre  300 et 1000'),
('L''ISLE ADAM PARMAIN ', '87276527', 'entre  1000 et 5000'),
('LIVRY SUR SEINE', '87682401', 'moins de 300'),
('LIZY SUR OURCQ', '87116632', 'entre  300 et 1000'),
('LONGJUMEAU', '87393611', 'entre  1000 et 5000'),
('LONGUEVILLE ', '87116137', 'entre  1000 et 5000'),
('LOUVECIENNES', '87382457', 'entre  1000 et 5000'),
('LOUVRES', '87276253', 'entre  1000 et 5000'),
('LUZARCHES', '87276576', 'entre  300 et 1000'),
('LYCEE HENRI SELLIER', '87988717', 'entre  1000 et 5000'),
('MAGENTA', '87281873', 'plus de 15000'),
('MAISONS ALFORT ALFORTVILLE', '87681155', 'plus de 15000'),
('MAISONS LAFFITTE', '87386425', 'entre  5000 et 15000'),
('MAISSE', '87681486', 'entre  300 et 1000'),
('MANTES LA JOLIE', '87381509', 'entre  5000 et 15000'),
('MANTES STATION', '87381590', 'entre  1000 et 5000'),
('MAREIL MARLY', '87382812', 'moins de 300'),
('MAREIL SUR MAULDRE', '87381715', 'moins de 300'),
('MARLES EN BRIE', '87116228', 'entre  300 et 1000'),
('MARLY LE ROI', '87382465', 'entre  1000 et 5000'),
('MAROLLES EN HUREPOIX', '87545186', 'entre  1000 et 5000'),
('MASSY PALAISEAU', '87393579', 'entre  5000 et 15000'),
('MASSY VERRIERES', '87383281', 'entre  300 et 1000'),
('MAULE', '87381723', 'entre  300 et 1000'),
('MAURECOURT', '87381483', 'entre  300 et 1000'),
('MEAUX', '87116103', 'entre  5000 et 15000'),
('MELUN', '87682005', 'plus de 15000'),
('MENNECY', '87681411', 'entre  1000 et 5000'),
('MERIEL', '87276675', 'entre  300 et 1000'),
('MERY SUR OISE', '87276667', 'entre  300 et 1000'),
('MEUDON', '87393108', 'entre  1000 et 5000'),
('MEUDON VAL FLEURY', '87393082', 'entre  1000 et 5000'),
('MEULAN HARDRICOURT', '87381830', 'entre  300 et 1000'),
('MITRY CLAYE', '87271528', 'entre  1000 et 5000'),
('MONNERVILLE', '87545111', 'moins de 300'),
('MONTEREAU', '87682302', 'entre  1000 et 5000'),
('MONTFORT L''AMAURY MERE', '87393892', 'entre  1000 et 5000'),
('MONTGERON CROSNE', '87682104', 'entre  5000 et 15000'),
('MONTGEROULT COURCELLES', '87381160', 'moins de 300'),
('MONTIGNY BEAUCHAMP', '87276089', 'entre  5000 et 15000'),
('MONTIGNY SUR LOING', '87684100', 'moins de 300'),
('MONTREUIL', '87382879', 'entre  1000 et 5000'),
('MONTRY CONDE', '87116400', 'moins de 300'),
('MONTSOULT MAFFLIERS', '87276493', 'entre  1000 et 5000'),
('MORET VENEUX LES SABLONS', '87682278', 'entre  1000 et 5000'),
('MORMANT', '87116087', 'entre  300 et 1000'),
('MORTCERF', '87116244', 'moins de 300'),
('MOULIN GALANT', '87681403', 'entre  1000 et 5000'),
('MOUROUX', '87116285', 'moins de 300'),
('MUSEE D''ORSAY', '87547307', 'entre  5000 et 15000'),
('NANGIS', '87116095', 'entre  1000 et 5000'),
('NANTERRE UNIVERSITE', '87386318', 'entre  5000 et 15000'),
('NANTEUIL SAACY', '87116558', 'entre  1000 et 5000'),
('NEMOURS SAINT-PIERRE', '87684126', 'entre  1000 et 5000'),
('NEUILLY PORTE MAILLOT ', '87381020', 'entre  5000 et 15000'),
('NEUVILLE UNIVERSITE', '87334482', 'entre  1000 et 5000'),
('NEZEL AULNAY', '87381731', 'moins de 300'),
('NOGENT LE PERREUX', '87113746', 'entre  5000 et 15000'),
('NOINTEL MOURS', '87276758', 'entre  300 et 1000'),
('NOISY LE ROI', '87393876', 'entre  300 et 1000'),
('NOISY LE SEC', '87113217', 'plus de 15000'),
('ORANGIS BOIS DE L''EPINE', '87681346', 'entre  1000 et 5000'),
('ORGERUS BEHOUST', '87393447', 'entre  300 et 1000'),
('ORLY VILLE', '87546200', 'entre  1000 et 5000'),
('OSNY', '87381145', 'entre  300 et 1000'),
('OZOIR LA FERRIERE', '87116020', 'entre  1000 et 5000'),
('PANTIN', '87113209', 'entre  5000 et 15000'),
('PARC DES EXPOSITIONS', '87271486', 'entre  1000 et 5000'),
('PARIS AUSTERLITZ', '87547026', 'plus de 15000'),
('PARIS EST', '87113001', 'plus de 15000'),
('PARIS GARE DE LYON', '87686030', 'plus de 15000'),
('PARIS MONTPARNASSE', '87391003', 'plus de 15000'),
('PARIS NORD', '87271031', 'plus de 15000'),
('PARIS SAINT-LAZARE', '87384008', 'plus de 15000'),
('PEREIRE LEVALLOIS', '87381012', 'entre  5000 et 15000'),
('PERSAN BEAUMONT', '87276469', 'entre  5000 et 15000'),
('PETIT JOUY LES LOGES', '87393504', 'moins de 300'),
('PETIT VAUX', '87393652', 'entre  300 et 1000'),
('PIERREFITTE STAINS', '87271163', 'entre  5000 et 15000'),
('PIERRELAYE', '87276097', 'entre  1000 et 5000'),
('PLAISIR GRIGNON', '87393421', 'entre  5000 et 15000'),
('PLAISIR LES CLAYES', '87393629', 'entre  1000 et 5000'),
('POISSY', '87386573', 'plus de 15000'),
('PONT CARDINET', '87381111', 'entre  1000 et 5000'),
('PONT DE L''ALMA', '87393041', 'entre  5000 et 15000'),
('PONT DE RUNGIS AEROPORT D''ORLY', '87546192', 'entre  1000 et 5000'),
('PONT PETIT', '87276154', 'entre  300 et 1000'),
('PONTHIERRY PRINGY', '87682526', 'entre  300 et 1000'),
('PONTOISE', '87276139', 'entre  5000 et 15000'),
('PORCHEFONTAINE', '87393165', 'entre  1000 et 5000'),
('PORTE DE CLICHY', '87111278', 'entre  5000 et 15000'),
('PRESLES COURCELLES', '87276501', 'entre  300 et 1000'),
('PROVINS', '87116160', 'entre  300 et 1000'),
('PUTEAUX', '87382382', 'entre  1000 et 5000'),
('RAMBOUILLET', '87393314', 'entre  5000 et 15000'),
('RIS ORANGIS', '87681338', 'entre  1000 et 5000'),
('ROISSY EN BRIE', '87116038', 'entre  5000 et 15000'),
('ROSNY BOIS PERRIER', '87113696', 'entre  5000 et 15000'),
('ROSNY SOUS BOIS', '87113704', 'entre  5000 et 15000'),
('ROSNY SUR SEINE', '87415885', 'entre  300 et 1000'),
('ROUGEMONT CHANTELOUP', '87431791', 'entre  1000 et 5000'),
('RUNGIS LA FRATERNELLE', '87546291', 'entre  1000 et 5000'),
('SAINT-CHERON', '87545509', 'entre  300 et 1000'),
('SAINT-CLOUD', '87382358', 'plus de 15000'),
('SAINT-CYR', '87393223', 'entre  5000 et 15000'),
('SAINT-DENIS', '87271015', 'plus de 15000'),
('SAINTE-COLOMBE SEPTVEILLES', '87116178', 'moins de 300'),
('SAINTE-GENEVIEVE DES BOIS', '87545210', 'entre  5000 et 15000'),
('SAINT-FARGEAU', '87682542', 'moins de 300'),
('SAINT-GERMAIN EN LAYE BEL AIR FOURQUEUX', '87366922', 'entre  300 et 1000'),
('SAINT-GERMAIN EN LAYE GRANDE CEINTURE', '87382804', 'moins de 300'),
('SAINT-GRATIEN', '87276170', 'entre  5000 et 15000'),
('SAINT-LEU LA FORET', '87276600', 'entre  1000 et 5000'),
('SAINT-MAMMES', '87682294', 'entre  300 et 1000'),
('SAINT-MARTIN D''ETAMPES', '87545350', 'entre  1000 et 5000'),
('SAINT-MICHEL NOTRE DAME', '87547315', 'plus de 15000'),
('SAINT-MICHEL SUR ORGE', '87545202', 'entre  5000 et 15000'),
('SAINT-NOM LA BRETECHE FORET DE MARLY', '87382481', 'entre  1000 et 5000'),
('SAINT-OUEN', '87271247', 'entre  5000 et 15000'),
('SAINT-OUEN L''AUMONE', '87276105', 'entre  1000 et 5000'),
('SAINT-OUEN L''AUMONE LIESSE', '87337980', 'entre  1000 et 5000'),
('SAINT-OUEN L''AUMONE QUARTIER DE L''EGLISE', '87381426', 'entre  300 et 1000'),
('SAINT-QUENTIN EN YVELINES ', '87393843', 'plus de 15000'),
('SANNOIS', '87276188', 'entre  1000 et 5000'),
('SANTEUIL LE PERCHAY', '87381186', 'moins de 300'),
('SARCELLES  SAINT-BRICE', '87276386', 'entre  5000 et 15000'),
('SARTROUVILLE', '87386417', 'plus de 15000'),
('SAVIGNY LE TEMPLE NANDY', '87682187', 'entre  5000 et 15000'),
('SAVIGNY SUR ORGE', '87545236', 'entre  5000 et 15000'),
('SERMAISE', '87545517', 'moins de 300'),
('SEUGY', '87272039', 'moins de 300'),
('SEVRAN BEAUDOTTES', '87271445', 'entre  5000 et 15000'),
('SEVRAN LIVRY', '87271429', 'entre  5000 et 15000'),
('SEVRES RIVE GAUCHE', '87393124', 'entre  1000 et 5000'),
('SEVRES VILLE D''AVRAY', '87382341', 'entre  1000 et 5000'),
('SOUPPES CHATEAUN LANDON', '87684217', 'entre  300 et 1000'),
('STADE DE FRANCE SAINT-DENIS', '87164780', 'entre  5000 et 15000'),
('SURESNES MONT VALERIEN', '87382374', 'entre  1000 et 5000'),
('SURVILLIERS FOSSES', '87276261', 'entre  1000 et 5000'),
('TACOIGNIERES RICHEBOURG', '87393454', 'moins de 300'),
('TAVERNY', '87276634', 'entre  1000 et 5000'),
('THIEUX NANTOUILLET', '87272054', 'moins de 300'),
('THOMERY', '87682252', 'moins de 300'),
('THUN LE PARADIS', '87381822', 'entre  300 et 1000'),
('TOURNAN', '87116210', 'entre  1000 et 5000'),
('TRAPPES', '87393835', 'entre  5000 et 15000'),
('TRIEL SUR SEINE', '87381806', 'entre  300 et 1000'),
('TRILPORT', '87116491', 'entre  1000 et 5000'),
('US', '87381178', 'moins de 300'),
('VAIRES TORCY', '87116293', 'entre  1000 et 5000'),
('VAL D''ARGENTEUIL ', '87381798', 'entre  5000 et 15000'),
('VAL DE FONTENAY', '87113712', 'plus de 15000'),
('VALMONDOIS', '87276535', 'entre  1000 et 5000'),
('VANVES MALAKOFF', '87391532', 'entre  1000 et 5000'),
('VAUBOYEN', '87393538', 'moins de 300'),
('VAUCELLES', '87276626', 'entre  300 et 1000'),
('VAUCRESSON', '87382267', 'entre  1000 et 5000'),
('VAUX SUR SEINE', '87381814', 'entre  300 et 1000'),
('VERNEUIL L''ETANG', '87116079', 'entre  300 et 1000'),
('VERNOU SUR SEINE', '87682468', 'moins de 300'),
('VERNOUILLET VERNEUIL', '87386656', 'entre  1000 et 5000'),
('VERSAILLES CHANTIERS', '87393009', 'plus de 15000'),
('VERSAILLES RIVE DROITE', '87382861', 'entre  5000 et 15000'),
('VERSAILLES RIVE GAUCHE CHATEAU DE VERSAILLES', '87393157', 'entre  5000 et 15000'),
('VERT GALANT', '87271437', 'entre  5000 et 15000'),
('VIARMES', '87276568', 'entre  300 et 1000'),
('VIGNEUX SUR SEINE', '87681304', 'entre  5000 et 15000'),
('VILLABE', '87681619', 'entre  300 et 1000'),
('VILLAINES ', '87272021', 'moins de 300'),
('VILLENEUVE LE ROI', '87545277', 'entre  1000 et 5000'),
('VILLENEUVE PRAIRIE', '87681858', 'entre  300 et 1000'),
('VILLENEUVE SAINT-GEORGES', '87681825', 'plus de 15000'),
('VILLENEUVE TRIAGE', '87681809', 'entre  1000 et 5000'),
('VILLENNES SUR SEINE', '87386649', 'entre  1000 et 5000'),
('VILLEPARISIS MITRY LE NEUF', '87271510', 'entre  5000 et 15000'),
('VILLEPINTE', '87271452', 'entre  1000 et 5000'),
('VILLEPREUX LES CLAYES', '87393413', 'entre  1000 et 5000'),
('VILLIERS LE BEL GONESSE ARNOUVILLE', '87276220', 'plus de 15000'),
('VILLIERS MONTBARBIN', '87116749', 'moins de 300'),
('VILLIERS NEAUPHLE PONTCHARTRAIN', '87393884', 'entre  300 et 1000'),
('VILLIERS SUR MARNE LE PLESSIS TREVISE', '87113795', 'entre  5000 et 15000'),
('VIROFLAY RIVE DROITE', '87382887', 'entre  1000 et 5000'),
('VIROFLAY RIVE GAUCHE', '87393215', 'entre  5000 et 15000'),
('VIRY CHATILLON', '87681312', 'entre  1000 et 5000'),
('VITRY SUR SEINE', '87545293', 'entre  5000 et 15000'),
('VOSVES', '87682500', 'moins de 300'),
('VULAINES SUR SEINE SAMOREAU', '87682443', 'moins de 300'),
('YERRES', '87682112', 'entre  5000 et 15000');

--
-- Contraintes pour les tables exportées
--

--
-- Contraintes pour la table `gain`
--
ALTER TABLE `gain`
  ADD CONSTRAINT `fk_gain_partenaire1` FOREIGN KEY (`idPartenaire`) REFERENCES `partenaire` (`idPartenaire`) ON DELETE NO ACTION ON UPDATE NO ACTION;

--
-- Contraintes pour la table `participer`
--
ALTER TABLE `participer`
  ADD CONSTRAINT `fk_utilisateur_has_quizz_quizz1` FOREIGN KEY (`idQuizz`) REFERENCES `quizz` (`idQuizz`) ON DELETE NO ACTION ON UPDATE NO ACTION,
  ADD CONSTRAINT `fk_utilisateur_has_quizz_utilisateur` FOREIGN KEY (`idParticipant`) REFERENCES `participant` (`idParticipant`) ON DELETE NO ACTION ON UPDATE NO ACTION;

--
-- Contraintes pour la table `quizz`
--
ALTER TABLE `quizz`
  ADD CONSTRAINT `fk_quizz_gain1` FOREIGN KEY (`idGain`) REFERENCES `gain` (`idGain`) ON DELETE NO ACTION ON UPDATE NO ACTION,
  ADD CONSTRAINT `fk_quizz_gare1` FOREIGN KEY (`idGare`) REFERENCES `gare` (`idGare`) ON DELETE NO ACTION ON UPDATE NO ACTION,
  ADD CONSTRAINT `fk_quizz_partenaire1` FOREIGN KEY (`idPartenaire`) REFERENCES `partenaire` (`idPartenaire`) ON DELETE NO ACTION ON UPDATE NO ACTION,
  ADD CONSTRAINT `fk_quizz_question1` FOREIGN KEY (`idQuestion`) REFERENCES `question` (`idQuestion`) ON DELETE NO ACTION ON UPDATE NO ACTION,
  ADD CONSTRAINT `fk_quizz_utilisateur1` FOREIGN KEY (`idParticipant`) REFERENCES `participant` (`idParticipant`) ON DELETE NO ACTION ON UPDATE NO ACTION;

--
-- Contraintes pour la table `situer`
--
ALTER TABLE `situer`
  ADD CONSTRAINT `fk_gare_has_partenaire_gare1` FOREIGN KEY (`idGare`) REFERENCES `gare` (`idGare`) ON DELETE NO ACTION ON UPDATE NO ACTION,
  ADD CONSTRAINT `fk_gare_has_partenaire_partenaire1` FOREIGN KEY (`idPartenaire`) REFERENCES `partenaire` (`idPartenaire`) ON DELETE NO ACTION ON UPDATE NO ACTION;

/*!40101 SET CHARACTER_SET_CLIENT=@OLD_CHARACTER_SET_CLIENT */;
/*!40101 SET CHARACTER_SET_RESULTS=@OLD_CHARACTER_SET_RESULTS */;
/*!40101 SET COLLATION_CONNECTION=@OLD_COLLATION_CONNECTION */;
