-- phpMyAdmin SQL Dump
-- version 3.5.1
-- http://www.phpmyadmin.net
--
-- Client: localhost
-- Généré le: Ven 22 Novembre 2013 à 17:23
-- Version du serveur: 5.5.24-log
-- Version de PHP: 5.3.13

SET SQL_MODE="NO_AUTO_VALUE_ON_ZERO";
SET time_zone = "+00:00";


/*!40101 SET @OLD_CHARACTER_SET_CLIENT=@@CHARACTER_SET_CLIENT */;
/*!40101 SET @OLD_CHARACTER_SET_RESULTS=@@CHARACTER_SET_RESULTS */;
/*!40101 SET @OLD_COLLATION_CONNECTION=@@COLLATION_CONNECTION */;
/*!40101 SET NAMES utf8 */;

--
-- Base de données: `pauseter`
--

-- --------------------------------------------------------

--
-- Structure de la table `gain`
--

CREATE TABLE IF NOT EXISTS `gain` (
  `idGain` int(11) NOT NULL AUTO_INCREMENT,
  `libelle` varchar(255) NOT NULL,
  `information` varchar(255) DEFAULT NULL,
  `idPartenaire` int(11) NOT NULL,
  PRIMARY KEY (`idGain`),
  KEY `fk_gain_partenaire1_idx` (`idPartenaire`)
) ENGINE=InnoDB  DEFAULT CHARSET=latin1 AUTO_INCREMENT=5 ;

--
-- Contenu de la table `gain`
--

INSERT INTO `gain` (`idGain`, `libelle`, `information`, `idPartenaire`) VALUES
(1, 'un café machiatto', 'du café avec du sucre valable ce jour', 2),
(2, 'un café noir', 'le célèbre petit noir', 2),
(3, 'une réduction de 10€', 'sur un produit TER acheté dans cette gare', 1),
(4, 'une clé usb', 'd''une capacité de 8Go', 1);

-- --------------------------------------------------------

--
-- Structure de la table `gare`
--

CREATE TABLE IF NOT EXISTS `gare` (
  `idGare` int(11) NOT NULL AUTO_INCREMENT,
  `uic` varchar(45) NOT NULL,
  `nomgare` varchar(255) NOT NULL,
  `region` varchar(255) DEFAULT NULL,
  `tvs` varchar(45) DEFAULT NULL,
  `Xcoord` bigint(20) DEFAULT NULL,
  `Ycoord` bigint(20) DEFAULT NULL,
  PRIMARY KEY (`idGare`)
) ENGINE=InnoDB  DEFAULT CHARSET=latin1 AUTO_INCREMENT=3 ;

--
-- Contenu de la table `gare`
--

INSERT INTO `gare` (`idGare`, `uic`, `nomgare`, `region`, `tvs`, `Xcoord`, `Ycoord`) VALUES
(1, '123', 'Orchies', 'Nord-Pas-De-Calais', 'OCH', NULL, NULL),
(2, '234', 'Lille Flandres', 'Nord-Pas-De-Calais', 'LEW', NULL, NULL);

-- --------------------------------------------------------

--
-- Structure de la table `partenaire`
--

CREATE TABLE IF NOT EXISTS `partenaire` (
  `idPartenaire` int(11) NOT NULL AUTO_INCREMENT,
  `nomPartenaire` varchar(100) DEFAULT NULL,
  `fbPartenaire` varchar(255) DEFAULT NULL,
  `twPartenaire` varchar(255) DEFAULT NULL,
  `gooPartenaire` varchar(255) DEFAULT NULL,
  `urlPartenaire` varchar(255) DEFAULT NULL,
  `logoPartenaire` varchar(255) DEFAULT NULL,
  `descPartenaire` varchar(255) DEFAULT NULL,
  PRIMARY KEY (`idPartenaire`)
) ENGINE=InnoDB  DEFAULT CHARSET=latin1 AUTO_INCREMENT=3 ;

--
-- Contenu de la table `partenaire`
--

INSERT INTO `partenaire` (`idPartenaire`, `nomPartenaire`, `fbPartenaire`, `twPartenaire`, `gooPartenaire`, `urlPartenaire`, `logoPartenaire`, `descPartenaire`) VALUES
(1, 'TER', NULL, NULL, NULL, 'www.ter.sncf.fr', 'ter.png', 'TER SNCF'),
(2, 'Starbuck', NULL, NULL, NULL, 'www.starbuck.Fr', 'Starbucks.png', 'Starbuck vous propose des cafés dans cette gare');

-- --------------------------------------------------------

--
-- Structure de la table `participant`
--

CREATE TABLE IF NOT EXISTS `participant` (
  `idParticipant` int(11) NOT NULL AUTO_INCREMENT,
  `fb` varchar(255) DEFAULT NULL,
  `tw` varchar(255) DEFAULT NULL,
  `google` varchar(255) DEFAULT NULL,
  `nom` varchar(255) DEFAULT NULL,
  `prenom` varchar(255) DEFAULT NULL,
  `pseudo` varchar(255) DEFAULT NULL,
  PRIMARY KEY (`idParticipant`)
) ENGINE=InnoDB  DEFAULT CHARSET=latin1 AUTO_INCREMENT=5 ;

--
-- Contenu de la table `participant`
--

INSERT INTO `participant` (`idParticipant`, `fb`, `tw`, `google`, `nom`, `prenom`, `pseudo`) VALUES
(1, NULL, '@alexsolex', NULL, 'perret', 'alexandre', 'alexsolex'),
(2, NULL, NULL, NULL, 'horn', 'fred', 'fredo'),
(3, NULL, NULL, NULL, 'catel', 'thierry', 'titi'),
(4, NULL, '@bootsymayfield', NULL, 'soyris', 'laurent', 'lolo');

-- --------------------------------------------------------

--
-- Structure de la table `participer`
--

CREATE TABLE IF NOT EXISTS `participer` (
  `idParticipant` int(11) NOT NULL,
  `idQuizz` int(11) NOT NULL,
  PRIMARY KEY (`idParticipant`,`idQuizz`),
  KEY `fk_utilisateur_has_quizz_quizz1_idx` (`idQuizz`),
  KEY `fk_utilisateur_has_quizz_utilisateur_idx` (`idParticipant`)
) ENGINE=InnoDB DEFAULT CHARSET=latin1;

-- --------------------------------------------------------

--
-- Structure de la table `question`
--

CREATE TABLE IF NOT EXISTS `question` (
  `idQuestion` int(11) NOT NULL AUTO_INCREMENT,
  `libelle` varchar(1000) NOT NULL,
  `reponse` varchar(255) NOT NULL,
  `erreur1` varchar(255) NOT NULL,
  `erreur2` varchar(255) NOT NULL,
  `erreur3` varchar(255) NOT NULL,
  `url` varchar(255) DEFAULT NULL,
  `type` varchar(255) DEFAULT 'wikipedia',
  PRIMARY KEY (`idQuestion`)
) ENGINE=InnoDB  DEFAULT CHARSET=latin1 AUTO_INCREMENT=5 ;

--
-- Contenu de la table `question`
--

INSERT INTO `question` (`idQuestion`, `libelle`, `reponse`, `erreur1`, `erreur2`, `erreur3`, `url`, `type`) VALUES
(1, 'ceci est une question', 'ok', 'non', 'non2', 'non3', NULL, 'wikipedia'),
(2, 'ceci est une autre question', 'bonne réponse', 'erreur', 'pas du tout', 'et non', 'http://un.lien.vers.des.infos', 'wikipedia'),
(3, 'une commune française, située dans le département du Nord (59) en région Nord-Pas-de-Calais.\nLe nom jeté des habitants est les pourchots1, signifiant « porc » en picard.', 'Orchies', 'Lille', 'Charleville', 'Paris', 'http://fr.wikipedia.org/wiki/Orchies', 'wikipedia'),
(4, '  une commune du nord de la France, préfecture du département du Nord et chef-lieu en région Nord-Pas-de-Calais. Surnommée la « Capitale des Flandres » une commune du nord de la France, préfecture du département du Nord et chef-lieu en région Nord-Pas-de-Calais. Surnommée la « Capitale des Flandres »une commune du nord de la France, préfecture du département du Nord et chef-lieu en région Nord-Pas-de-Calais. Surnommée la « Capitale des Flandres » une commune du nord de la France, préfecture du département du Nord et chef-lieu en région Nord-Pas-de-Calais. Surnommée la « Capitale des Flandres »', 'Lille', 'Orchies', 'Simcity', 'bruxelles', 'http://fr.wikipedia.org/wiki/Lille', 'wikipedia');

-- --------------------------------------------------------

--
-- Structure de la table `quizz`
--

CREATE TABLE IF NOT EXISTS `quizz` (
  `idQuizz` int(11) NOT NULL AUTO_INCREMENT,
  `dateDebut` datetime DEFAULT NULL,
  `dateFin` datetime DEFAULT NULL,
  `estRepondu` tinyint(1) DEFAULT NULL,
  `idPartenaire` int(11) NOT NULL,
  `idQuestion` int(11) NOT NULL,
  `idGain` int(11) DEFAULT NULL,
  `idParticipant` int(11) DEFAULT NULL,
  `idGare` int(11) NOT NULL,
  PRIMARY KEY (`idQuizz`),
  KEY `fk_quizz_partenaire1_idx` (`idPartenaire`),
  KEY `fk_quizz_question1_idx` (`idQuestion`),
  KEY `fk_quizz_gain1_idx` (`idGain`),
  KEY `fk_quizz_utilisateur1_idx` (`idParticipant`),
  KEY `fk_quizz_gare1_idx` (`idGare`)
) ENGINE=InnoDB  DEFAULT CHARSET=latin1 AUTO_INCREMENT=4 ;

--
-- Contenu de la table `quizz`
--

INSERT INTO `quizz` (`idQuizz`, `dateDebut`, `dateFin`, `estRepondu`, `idPartenaire`, `idQuestion`, `idGain`, `idParticipant`, `idGare`) VALUES
(1, NULL, NULL, 0, 2, 3, 1, NULL, 2),
(2, '2013-11-22 18:23:10', NULL, 0, 2, 4, 2, NULL, 2),
(3, '2013-11-21 18:02:56', '2013-11-21 18:04:29', 0, 1, 2, 4, NULL, 2);

-- --------------------------------------------------------

--
-- Structure de la table `situer`
--

CREATE TABLE IF NOT EXISTS `situer` (
  `idGare` int(11) NOT NULL,
  `idPartenaire` int(11) NOT NULL,
  PRIMARY KEY (`idGare`,`idPartenaire`),
  KEY `fk_gare_has_partenaire_partenaire1_idx` (`idPartenaire`),
  KEY `fk_gare_has_partenaire_gare1_idx` (`idGare`)
) ENGINE=InnoDB DEFAULT CHARSET=latin1;

--
-- Contenu de la table `situer`
--

INSERT INTO `situer` (`idGare`, `idPartenaire`) VALUES
(1, 1),
(2, 1),
(2, 2);

-- --------------------------------------------------------

--
-- Structure de la table `table9`
--

CREATE TABLE IF NOT EXISTS `table9` (
  `COL 1` varchar(7) DEFAULT NULL,
  `COL 2` varchar(55) DEFAULT NULL,
  `COL3` varchar(24) DEFAULT NULL,
  `COL4` varchar(63) DEFAULT NULL,
  `COL 5` varchar(25) DEFAULT NULL,
  `COL 6` varchar(26) DEFAULT NULL,
  `COL 7` varchar(8) DEFAULT NULL,
  `COL8` varchar(10) DEFAULT NULL,
  `COL 9` varchar(10) DEFAULT NULL,
  `COL 10` varchar(3) DEFAULT NULL
) ENGINE=InnoDB DEFAULT CHARSET=utf8;

--
-- Contenu de la table `table9`
--

INSERT INTO `table9` (`COL 1`, `COL 2`, `COL3`, `COL4`, `COL 5`, `COL 6`, `COL 7`, `COL8`, `COL 9`, `COL 10`) VALUES
('594 234', '02/09/2011', 'AAA', 'Allassac', 'OUI', 'NON', 'FRALC', '87594234', '', ''),
('783 266', 'Via WS SUM Sans VaQ Copyright SNCFProximit', 'AAU', 'Aumont Aubrac', '01/01/2013', '', 'FRINC', '87783266', '', ''),
('317 362', 'Avant Avril 2011', 'ABB', 'Abbeville', 'OUI', 'NON', 'FRXAB', '87317362', '', ''),
('746 115', 'Avant Avril 2011', 'ABN', 'Albens', '17/02/2012', 'NON', 'FRALE', '87746115', '', ''),
('313 759', '21/05/2013', 'ABT', 'Abancourt', 'OUI', '', 'FRABT', '87313759', '', ''),
('172 858', '23/04/2013', 'ACP', 'Anchamps', 'OUI', '', 'FRBEP', '87172858', '', ''),
('741 256', '21/05/2013', 'AEB', 'Aiguebelle', 'OUI', '', 'FRAGB', '87741256', '', ''),
('726 760', '02/09/2011', 'AEC', 'Aurec', 'OUI', 'NON', 'FRHIQ', '87726760', '', ''),
('386 730', '23/04/2013', 'AEH', 'Aubergenville ', 'OUI', '', 'FRDGF', '87386730', '', ''),
('613 075', 'Via WS SUM Sans VaQ Copyright SNCFProximit', 'AER', 'Assier', '01/01/2013', '', 'FRFSD', '87613075', '', ''),
('597 120', 'Via WS SUM VaQ Copyright SNCFProximit', 'AGC', 'Argenton-sur-Creuse', '01/01/2013', '', 'FRFMT', '87597120', '', ''),
('781 278', '09/05/2012', 'AGD', 'Agde', '11/05/2012', 'NON', 'FRXAG', '87781278', '', ''),
('586 008', 'Avant Avril 2011', 'AGN', 'Agen', 'OUI', 'OUI', 'FRAGF', '87586008', '', ''),
('741 421', '21/05/2013', 'AGQ', 'Aiguebelette-le-Lac', 'OUI', '', 'FRHOL', '87741421', '', ''),
('611 384', 'Via WS SUM Sans VaQ Copyright SNCFProximit', 'AIE', 'Auterive', '01/01/2013', '', 'FRFPW', '87611384', '', ''),
('741 132', 'Avant Avril 2011', 'AIX', 'Aix les Bains le Revard', 'OUI', 'OUI', 'FRXAI', '87741132', '', ''),
('722 744', '26/02/2013', 'ALA', 'Ala', 'OUI', '', 'FRCBY', '87722744', '', ''),
('615 005', 'Avant Avril 2011', 'ALB', 'Albi', 'OUI', 'OUI', 'FRAFJ', '87615005', '', ''),
('775 288', 'Via WS SUM Sans VaQ Copyright SNCFProximit', 'ALE', 'Al', '01/01/2013', '', 'FRXAS', '87775288', '', ''),
('182 238', '29/01/2013', 'ALK', 'Altkirch', 'OUI', '', 'FRBJI', '87182238', '', ''),
('615 195', 'Via WS SUM Sans VaQ Copyright SNCFProximit', 'ALM', 'Albi Madeleine', '01/01/2013', '', 'FRAMA', '87615195', '', ''),
('444 711', 'Avant Avril 2011', 'ALN', 'Alen', '23/03/2012', 'NON', 'FRXAN', '87444711', '', ''),
('741 645', 'Avant Avril 2011', 'ALV', 'Albertville', 'OUI', 'NON', 'FRXAV', '87741645', '', ''),
('743 716', '02/09/2011', 'AMB', 'Amb', 'OUI', 'NON', 'FRAMB', '87743716', '', ''),
('721 035', '29/01/2013', 'AMP', 'Amplepuis', 'OUI', '', 'FRHCE', '87721035', '', ''),
('574 343', 'Via WS SUM VaQ Copyright SNCFProximit', 'AMQ', 'Amboise', '01/01/2013', '', 'FRXAM', '87574343', '', ''),
('784 231', '11/12/2012', 'AMR', 'Argel', '12/12/2012', '', 'FRARM', '87784231', '', ''),
('313 874', 'Avant Avril 2011', 'AMS', 'Amiens', 'OUI', 'OUI', 'FRQAM', '87313874', '', ''),
('481 192', 'Via WS SUM Sans VaQ Copyright SNCFProximit', 'ANC', 'Ancenis', '10/05/2012', '', 'FREFN', '87481192', '', ''),
('745 497', '02/09/2011', 'ANE', 'Annemasse', 'OUI', 'NON', 'FRQNJ', '87745497', '', ''),
('583 005', '10/07/2012', 'ANG', 'Angoul', '10/05/2012', '', 'FRANG', '87583005', '', ''),
('741 769', '04/04/2013', 'ANJ', 'Aime - La Plagne', '02/09/2011', '', 'FRQAI', '87741769', '', ''),
('721 324', '05/02/2013', 'ANS', 'Anse', 'OUI', '', 'FRHCM', '87721324', '', ''),
('746 008', 'Avant Avril 2011', 'ANY', 'Annecy', 'OUI', 'OUI', 'FRNCY', '87746008', '', ''),
('726 406', '26/02/2013', 'ANZ', 'Andr', 'OUI', '', 'FRHHS', '87726406', '', ''),
('582 668', 'Via WS SUM Sans VaQ Copyright SNCFProximit', 'ARC', 'Arcachon', 'OUI', '', 'FRQNJ', '87582668', '', ''),
('444 539', '02/09/2011', 'ARG', 'Argentan', '23/03/2012', 'NON', 'FRART', '87444539', '', ''),
('144 410', '23/04/2013', 'ARH', 'Arches', 'OUI', '', 'FRARH', '87144410', '', ''),
('172 122', '23/04/2013', 'ARI', 'Aubrives', 'OUI', '', 'FRBDJ', '87172122', '', ''),
('342 014', 'Avant Avril 2011', 'ARR', 'Arras', 'OUI', 'OUI', 'FRQRV', '87342014', '', ''),
('753 657', 'Avant Avril 2011', 'ARS', 'Arles', 'OUI', 'OUI', 'FRHZA', '87753657', '', ''),
('734 251', 'Via WS SUM Sans VaQ Copyright SNCFProximit', 'ARV', 'Arvant', '01/01/2013', '', 'FRARV', '87734251', '', ''),
('476 200', 'Avant Avril 2011', 'ARY', 'Auray', 'OUI', 'NON', 'FRXUY', '87476200', '', ''),
('484 006', 'Avant Avril 2011', 'ASL', 'Angers Saint-Laud', 'OUI', 'OUI', 'FRACL', '87484006', '', ''),
('757 674', 'Avant Avril 2011', 'ATB', 'Antibes', 'OUI', 'OUI', 'FRXAT', '87757674', '', ''),
('645 002', '02/09/2011', 'AUC', 'Aurillac', 'OUI', 'NON', 'FRAUR', '87645002', '', ''),
('611 749', '02/09/2011', 'AUH', 'Auch', 'OUI', 'NON', 'FRAUH', '87611749', '', ''),
('562 421', '11/12/2011', 'AUL', 'Aulnat A', 'NON', 'NON', 'FRTKN', '87562421', '', ''),
('683 573', 'Avant Avril 2011', 'AUX', 'Auxerre Saint-Gervais', 'OUI', 'NON', 'FRASG', '87683573', '', ''),
('613 224', 'Via WS SUM Sans VaQ Copyright SNCFProximit', 'AVB', 'Aubin', '01/01/2013', '', 'FRFSQ', '87613224', '', ''),
('765 008', 'Avant Avril 2011', 'AVI', 'Avignon Centre', 'OUI', 'OUI', 'FRAES', '87765008', '', ''),
('318 964', 'Avant Avril 2011', 'AVV', 'Avignon TGV', 'OUI', 'OUI', 'FRAVG', '87318964', '', ''),
('611 533', 'Via WS SUM Sans VaQ Copyright SNCFProximit', 'AXN', 'Ax les Thermes', '01/01/2013', '', 'FRXLT', '87611533', '', ''),
('713 347', '16/04/2013', 'AXO', 'Auxonne', 'OUI', 'Vides', 'FRGWS', '87713347', '', ''),
('751 404', 'Avant Avril 2011', 'AXP', 'Aix en Provence', 'OUI', 'OUI', 'FRQXB', '87751404', '', ''),
('319 012', 'Avant Avril 2011', 'AXV', 'Aix en provence TGV', 'OUI', 'OUI', 'FRAIE', '87319012', '', ''),
('439 554', '16/04/2013', 'AYD', 'Vitrolles A', 'OUI', '', 'FRHBO', '87439554', '', ''),
('295 600', '22/05/2012', 'AYE', 'Aulnoyes Aymeries', '10/05/2012', 'NON', 'FRXOY', '87295600', '', ''),
('313 098', '02/09/2011', 'AYS', 'Ailly sur Somme', '23/03/2012', 'NON', 'FRAIS', '87313098', '', ''),
('141 408', '26/02/2013', 'AZE', 'Azerailles', 'OUI', '', 'FRASL', '87141408', '', ''),
('783 324', 'Via WS SUM Sans VaQ Copyright SNCFProximit', 'BAA', 'Banassac la Canourgue', '01/01/2013', '', 'FRINH', '87783324', '', ''),
('745 596', 'Avant Avril 2011', 'BAB', 'Bons en Chablais', '17/02/2012', 'NON', 'FRHSL', '87745596', '', ''),
('141 416', '05/02/2013', 'BAC', 'Baccarat', 'OUI', '', 'FRASM', '87141416', '', ''),
('212 134', '16/04/2013', 'BAH', 'Brumath', 'OUI', '', 'FRBUF', '87212134', '', ''),
('784 298', '11/12/2012', 'BAN', 'Banyuls sur Mer', '12/12/2012', '', 'FRXBU', '87784298', '', ''),
('214 247', '16/04/2013', 'BAR', 'Barr', 'OUI', '', 'FRBXR', '87214247', '', ''),
('444 067', '11/12/2012', 'BAY', 'Bayeux', '12/12/2012', '', 'FRBYX', '87444067', '', ''),
('726 869', '26/02/2013', 'BBY', 'Balbigny', 'OUI', '', 'FRHJA', '87726869', '', ''),
('713 545', 'Avant Avril 2011', 'BEA', 'Beaune', 'OUI', 'OUI', 'FRXBV', '87713545', '', ''),
('781 609', '11/12/2012', 'BED', 'B', '12/12/2012', '', 'FRIMH', '87781609', '', ''),
('317 586', 'Avant Avril 2011', 'BEM', 'Boulogne', 'OUI', 'OUI', 'FRAEB', '87317586', '', ''),
('342 006', 'Avant Avril 2011', 'BET', 'B', 'OUI', 'NON', 'FRXBH', '87342006', '', ''),
('696 088', 'Via WS SUM VaQ Copyright SNCFProximit', 'BEW', 'Briare', 'OUI', '', 'FRGSC', '87696088', '', ''),
('444 299', 'Via WS SUM Sans VaQ Copyright SNCFProximit', 'BEY', 'Bernay', '01/01/2013', '', 'FRXBX', '87444299', '', '663'),
('300 822', '11/12/2011', 'BFB', 'Belfort - Montb', 'OUI', 'OUI', 'FRTJA', '87300822', '', ''),
('300 863', '11/12/2011', 'BFC', 'Besan', 'OUI', 'OUI', 'FRTJB', '87300863', '', ''),
('214 122', '16/04/2013', 'BFD', 'Benfeld', 'OUI', '', 'FRBXK', '87214122', '', ''),
('214 296', '23/04/2013', 'BFH', 'Bischoffsheim', 'OUI', '', 'FRBXV', '87214296', '', ''),
('184 002', 'Avant Avril 2011', 'BFT', 'Belfort', 'OUI', 'NON', 'FRBOR', '87184002', '', ''),
('743 005', 'Avant Avril 2011', 'BGB', 'Bourg en Bresse', 'OUI', 'OUI', 'FRXBK', '87743005', '', ''),
('745 000', 'Avant Avril 2011', 'BGD', 'Bellegarde', 'OUI', 'OUI', 'FRXBF', '87745000', '', ''),
('722 728', '26/02/2013', 'BGN', 'Brignais - Pas d''Arriv', 'OUI', '', 'FRHEP', '87722728', '', ''),
('576 207', 'Avant Avril 2011', 'BGS', 'Bourges', 'OUI', 'OUI', 'FRBOU', '87576207', '', ''),
('574 160', 'Via WS SUM VaQ Copyright SNCFProximit', 'BGY', 'Beaugency', '01/01/2013', '', 'FREUE', '87574160', '', ''),
('182 659', '26/02/2013', 'BHH', 'Breitenbach', 'OUI', '', 'FRBKV', '87182659', '', ''),
('213 611', '29/10/2013', 'BHW', 'Bischwiller', 'NON', 'NON', 'FRBWQ', '87213611', '', ''),
('673 400', '29/06/2011', 'BIZ', 'Biarritz', 'OUI', 'OUI', 'FRBIQ', '87673400', '', ''),
('175 042', 'Avant Avril 2011', 'BLD', 'Bar le Duc', 'OUI', 'OUI', 'FRXBD', '87175042', '', ''),
('594 002', 'Avant Avril 2011', 'BLG', 'Brive la Gaillarde', 'OUI', 'OUI', 'FRBVE', '87594002', '', ''),
('734 244', '17/01/2012', 'BLM', 'Brassac les Mines - Sainte-Florine', 'OUI', 'NON', 'FRHLE', '87734244', '', ''),
('574 004', 'Avant Avril 2011', 'BLO', 'Blois', 'OUI', 'OUI', 'FRXBQ', '87574004', '', ''),
('387 183', 'Via WS SUM Sans VaQ Copyright SNCFProximit', 'BLR', 'Beaumont le Roger', '01/01/2013', '', 'FRDGR', '87387183', '', ''),
('726 778', '02/09/2011', 'BMO', 'Bas Monistrol', 'OUI', 'NON', 'FRHIT', '87726778', '', ''),
('723 544', '26/02/2013', 'BNO', 'Beynost', 'OUI', '', 'FRHFG', '87723544', '', ''),
('415 893', '23/04/2013', 'BNR', 'Bonni', 'OUI', 'Vides', 'FRDQM', '87415893', '', ''),
('747 451', 'Avant Avril 2011', 'BNU', 'Brignoud', '17/02/2012', 'NON', 'FRHVV', '87747451', '', ''),
('718 007', 'Avant Avril 2011', 'BNV', 'Besan', 'OUI', 'OUI', 'FRABG', '87718007', '', ''),
('726 216', '26/02/2013', 'BOH', 'Bouth', 'OUI', '', 'FRHHK', '87726216', '', ''),
('746 339', '02/09/2011', 'BON', 'Bonneville', 'OUI', 'NON', 'FRHTV', '87746339', '', ''),
('757 757', '21/05/2013', 'BQJ', 'Le Bosquet', 'OUI', '', 'FRLBO', '87757757', '', ''),
('611 095', 'Via WS SUM VaQ Copyright SNCFProximit', 'BQY', 'Boussens', '02/09/2011', '', 'FRBSS', '87611095', '', ''),
('615 054', '21/05/2013', 'BRA', 'Bram', 'OUI', '', 'FRFUT', '87615054', '', ''),
('734 269', 'Via WS SUM Sans VaQ Copyright SNCFProximit', 'BRD', 'Brioude', '01/01/2013', '', 'FRHLF', '87734269', '', ''),
('756 833', '23/04/2013', 'BRE', 'Breil-sur-Roya', 'OUI', '', 'FRBRR', '87756833', '', ''),
('723 429', '29/01/2013', 'BRG', 'Bourgoin-Jallieu', 'OUI', '', 'FRHEY', '87723429', '', ''),
('763 607', 'Avant Avril 2011', 'BRI', 'Brian', '23/03/2012', 'NON', 'FRXBC', '87763607', '', ''),
('144 154', '21/05/2013', 'BRK', 'Bruy', '', '', 'FRCGN', '87144154', '', ''),
('276 444', '21/05/2013', 'BRN', 'Boran-sur-Oise', 'OUI', '', 'FRCGM', '87276444', '', ''),
('474 007', 'Avant Avril 2011', 'BRT', 'Brest', 'OUI', 'OUI', 'FRBES', '87474007', '', ''),
('741 793', 'Avant Avril 2011', 'BSM', 'Bourg Saint-Maurice', 'OUI', 'OUI', 'FRQBM', '87741793', '', ''),
('726 414', '26/02/2013', 'BSN', 'Bonson - Pas d''Arriv', 'OUI', '', 'FRHHT', '87726414', '', ''),
('696 336', '26/02/2013', 'BSS', 'Bessay', 'OUI', '', 'FRGSU', '87696336', '', ''),
('296 244', '11/12/2012', 'BSY', 'Busigny', '12/12/2012', '', 'FRBSY', '87296244', '', ''),
('413 344', 'Via WS SUM Sans VaQ Copyright SNCFProximit', 'BTB', 'Br', '01/01/2013', '', 'FRBTB', '87413344', '', ''),
('182 113', '23/04/2013', 'BTK', 'Bartenheim', 'OUI', '', 'FRBJF', '87182113', '', ''),
('387 092', 'Via WS SUM Sans VaQ Copyright SNCFProximit', 'BUE', 'Bueil', '01/01/2013', '', 'FRBUE', '87387092', '', ''),
('381 624', 'Via WS SUM Sans VaQ Copyright SNCFProximit', 'BVA', 'Br', '01/01/2013', '', 'FRDDM', '87381624', '', ''),
('721 357', '29/01/2013', 'BVL', 'Belleville sur Sa', 'OUI', '', 'FRHCO', '87721357', '', ''),
('581 009', 'Avant Avril 2011', 'BXJ', 'Bordeaux Saint-Jean', 'OUI', 'OUI', 'FRBOJ', '87581009', '', ''),
('611 822', '05/02/2013', 'BXL', 'Brax L', 'OUI', '', 'FRFRF', '87611822', '', ''),
('673 004', 'Avant Avril 2011', 'BYE', 'Bayonne', 'OUI', 'OUI', 'FRXBY', '87673004', '', ''),
('141 218', '05/02/2013', 'BYN', 'Bayon', 'OUI', '', 'FRARS', '87141218', '', ''),
('172 049', '23/04/2013', 'BYU', 'Bogny-sur-Meuse', 'OUI', '', 'FRBDB', '87172049', '', ''),
('448 084', '10/10/2012', 'BZN', 'Briouze', 'OUI', '', '', '87448084', '', ''),
('781 005', 'Avant Avril 2011', 'BZS', 'B', 'OUI', 'OUI', 'FRBZR', '87781005', '', ''),
('171 462', '16/04/2013', 'BZT', 'Bazancourt', 'OUI', '', 'FRRBO', '87171462', '', ''),
('444 000', 'Avant Avril 2011', 'CAE', 'Caen', 'OUI', 'OUI', 'FRCFR', '87444000', '', ''),
('172 353', 'Via WS SUM Sans VaQ Copyright SNCFProximit', 'CAG', 'Carignan Gare', '01/01/2013', '', 'FRBDZ', '87172353', '', ''),
('613 000', 'Avant Avril 2011', 'CAH', 'Cahors', 'OUI', 'OUI', 'FRZAO', '87613000', '', ''),
('345 520', '15/01/2012', 'CAM', 'Cambrai', 'OUI', 'OUI', 'FRAFX', '87345520', '', ''),
('757 625', 'Avant Avril 2011', 'CAN', 'Cannes', 'OUI', 'OUI', 'FRJCA', '87757625', '', ''),
('447 243', '11/12/2012', 'CAR', 'Carentan', '12/12/2012', '', 'FRDTK', '87447243', '', ''),
('345 561', 'Via WS SUM VaQ Copyright SNCFProximit', 'CAU', 'Caudry', '01/01/2013', '', 'FRDAZ', '87345561', '', ''),
('444 877', 'janv.-13', 'CBU', 'Cherbourg', 'janv.-13', '', 'FRACK', '87444877', '', ''),
('484 204', '16/04/2013', 'CCE', 'Chalonnes', 'OUI', 'Vides', 'FREHH', '87484204', '', ''),
('387 159', 'Via WS SUM Sans VaQ Copyright SNCFProximit', 'CCH', 'Conches', '01/01/2013', '', 'FRDGP', '87387159', '', ''),
('208 553', '21/05/2013', 'CCL', 'Casino Lacroix Laval', 'OUI', '', 'FRCLV', '87208553', '', ''),
('447 110', '05/02/2013', 'CCS', 'Coutances', 'OUI', '', 'FRDTC', '87447110', '', ''),
('613 109', '11/12/2012', 'CDC', 'Capdenac', '12/12/2012', '', 'FRCDC', '87613109', '', ''),
('396 606', 'Via WS SUM Sans VaQ Copyright SNCFProximit', 'CDL', 'Ch', '01/01/2013', '', 'FRCDL', '87396606', '', ''),
('313 304', 'Via WS SUM Sans VaQ Copyright SNCFProximit', 'CDO', 'Clermont de l''Oise', '01/01/2013', '', 'FRCQZ', '87313304', '', ''),
('594 382', 'Via WS SUM Sans VaQ Copyright SNCFProximit', 'CDT', 'Condat le Lardin', '01/01/2013', '', 'FRFJK', '87594382', '', ''),
('144 071', '26/02/2013', 'CEO', 'Ch', 'OUI', '', 'FRAXQ', '87144071', '', ''),
('785 006', '10/10/2012', 'CER', 'Cerb', 'OUI', '', '', '87785006', '', ''),
('171 926', 'Avant Avril 2011', 'CGV', 'Champagne Ardenne TGV', 'OUI', 'OUI', 'FREAH', '87171926', '', ''),
('576 298', 'Via WS SUM Sans VaQ Copyright SNCFProximit', 'CHC', 'Ch', '01/01/2013', '', 'FREYC', '87576298', '', ''),
('484 246', '16/04/2013', 'CHE', 'Chemill', 'OUI', '', 'FREHK', '87484246', '', ''),
('394 007', 'Avant Avril 2011', 'CHH', 'Chartres', 'OUI', 'NON', 'FRQTJ', '87394007', '', ''),
('142 000', 'Avant Avril 2011', 'CHM', 'Chaumont', '23/03/2012', 'NON', 'FRXCW', '87142000', '', ''),
('763 425', '11/12/2012', 'CHO', 'Chorges - Pas d''Arriv', '12/12/2012', '', 'FRIGS', '87763425', '', ''),
('484 303', '29/10/2013', 'CHT', 'Cholet', 'NON', 'NON', 'FRCET', '87484303', '', ''),
('746 784', '16/04/2013', 'CHX', 'Chamonix-Mont-Blanc', 'OUI', '', 'FRXCF', '87746784', '', ''),
('713 578', '19/04/2012', 'CHY', 'Chagny', '26/04/2012', 'NON', 'FRCGY', '87713578', '', ''),
('723 452', '26/02/2013', 'CIU', 'Cessieu', 'OUI', '', 'FRHFA', '87723452', '', ''),
('747 212', 'Avant Avril 2011', 'CKN', 'Chabons', '17/02/2012', 'NON', 'FRHVJ', '87747212', '', ''),
('734 004', 'Avant Avril 2011', 'CLF', 'Clermont Ferrand', 'OUI', 'OUI', 'FRCFE', '87734004', '', ''),
('276 006', 'Avant Avril 2011', 'CLH', 'Creil', 'OUI', 'OUI', 'FRCSF', '87276006', '', ''),
('481 440', 'Avant Avril 2011', 'CLI', 'Clisson', '23/03/2012', 'NON', 'FRCLI', '87481440', '', ''),
('723 502', '05/03/2013', 'CLP', 'Cr', 'OUI', '', 'FRHFC', '87723502', '', ''),
('481 390', '21/05/2013', 'CLS', 'Challans', 'OUI', '', 'FRCLS', '87481390', '', ''),
('746 370', '02/09/2011', 'CLU', 'Cluses', 'OUI', 'NON', 'FRHTZ', '87746370', '', ''),
('174 003', 'Avant Avril 2011', 'CMP', 'Ch', 'OUI', 'OUI', 'FRXCR', '87174003', '', ''),
('182 014', 'Avant Avril 2011', 'CMR', 'Colmar', 'OUI', 'OUI', 'FRAEJ', '87182014', '', ''),
('615 625', '11/12/2012', 'CMX', 'Carmaux', '12/12/2012', '', 'FRFWA', '87615625', '', ''),
('641 415', '02/09/2011', 'CMY', 'Commentry', 'OUI', 'NON', 'FRGAG', '87641415', '', ''),
('172 007', 'Avant Avril 2011', 'CMZ', 'Charleville M', 'OUI', 'OUI', 'FRXCZ', '87172007', '', ''),
('611 574', 'Via WS SUM Sans VaQ Copyright SNCFProximit', 'CNB', 'Les Cabannes', '01/01/2013', '', 'FRFQK', '87611574', '', ''),
('615 286', 'Avant Avril 2011', 'CNE', 'Carcassonne', 'OUI', 'OUI', 'FRCCF', '87615286', '', ''),
('566 919', '26/02/2013', 'CNJ', 'Lentilly Charpenay', 'OUI', '', 'FRHCY', '87566919', '', ''),
('783 340', 'Via WS SUM Sans VaQ Copyright SNCFProximit', 'CNT', 'Campagnac Saint-Geniez', '01/01/2013', '', 'FRINJ', '87783340', '', ''),
('296 616', 'Via WS SUM Sans VaQ Copyright SNCFProximit', 'CNY', 'Chauny', '01/01/2013', '', 'FRCOA', '87296616', '', ''),
('611 061', 'Via WS SUM VaQ Copyright SNCFProximit', 'COA', 'Carbonne', '01/01/2013', '', 'FRFPB', '87611061', '', ''),
('721 225', '05/03/2013', 'COF', 'Collonges - Fontaines', 'OUI', '', 'FRCOF', '87721225', '', ''),
('491 449', 'Via WS SUM Sans VaQ Copyright SNCFProximit', 'COG', 'Cognac', '01/01/2013', '', 'FRCNG', '87491449', '', ''),
('611 467', '05/02/2013', 'COL', 'Colomiers', 'OUI', '', 'FRFQB', '87611467', '', ''),
('782 607', '11/12/2012', 'COP', 'Clermont La Pardieu', '12/12/2012', '', 'FRFDM', '87782607', '', ''),
('781 542', 'Via WS SUM Sans VaQ Copyright SNCFProximit', 'COQ', 'Ceilhe -Roqu', '01/01/2013', '', 'FRIMC', '87781542', '', ''),
('696 146', '02/09/2011', 'COS', 'Cosne sur Loire', 'OUI', 'NON', 'FRGSH', '87696146', '', ''),
('584 516', '28/08/2013', 'COU', 'Coutras', '01/01/2013', '', 'FRCOU', '87584516', '', ''),
('784 256', '11/12/2012', 'COX', 'Collioure', '12/12/2012', '', 'FRXCU', '87784256', '', ''),
('276 691', 'Avant Avril 2011', 'CPE', 'Compi', 'OUI', 'OUI', 'FRXCP', '87276691', '', ''),
('722 710', '26/02/2013', 'CPT', 'Chaponost - VIDES', 'OUI', 'Vides', 'FRCRR', '87722710', '', ''),
('721 530', '05/02/2013', 'CRB', 'Charbonni', 'OUI', '', 'FRHCW', '87721530', '', ''),
('761 783', 'Via WS SUM Sans VaQ Copyright SNCFProximit', 'CRE', 'Crest', '01/01/2013', '', 'FRCRE', '87761783', '', ''),
('741 009', 'Avant Avril 2011', 'CRL', 'Chamb', 'OUI', 'OUI', 'FRCMF', '87741009', '', ''),
('575 142', 'Avant Avril 2011', 'CRT', 'Ch', 'OUI', 'OUI', 'FRXCX', '87575142', '', ''),
('286 716', 'Via WS SUM VaQ Copyright SNCFProximit', 'CRW', 'Croix - Wasquehal', '10/05/2012', '', 'FRCKH', '87286716', '', ''),
('613 232', 'Via WS SUM Sans VaQ Copyright SNCFProximit', 'CRZ', 'Cransac', '01/01/2013', '', 'FRFSR', '87613232', '', ''),
('613 356', 'Via WS SUM Sans VaQ Copyright SNCFProximit', 'CSD', 'Caussade (Tarn-et-Garonne)', '01/01/2013', '', 'FRFTA', '87613356', '', ''),
('741 231', '21/05/2013', 'CSK', 'Chamousset', 'OUI', '', 'FRHOF', '87741231', '', ''),
('722 561', '26/02/2013', 'CSR', 'Chasse-sur-Rh', 'OUI', '', 'FRCSR', '87722561', '', ''),
('725 002', 'Avant Avril 2011', 'CSS', 'Chalon sur Sa', 'OUI', 'NON', 'FRXCD', '87725002', '', ''),
('317 263', '26/01/2012', 'CSV', 'Calais', 'OUI', 'OUI', 'FRAEA', '87317263', '', ''),
('116 582', 'Avant Avril 2011', 'CTH', 'Ch', 'OUI', 'NON', 'FRXCY', '87116582', '', ''),
('485 110', 'Via WS SUM Sans VaQ Copyright SNCFProximit', 'CTL', 'Ch', '01/01/2013', '', 'FREIL', '87485110', '', ''),
('615 468', '16/04/2013', 'CTR', 'Castres', 'OUI', '', 'FRMZQ', '87615468', '', ''),
('597 005', 'Avant Avril 2011', 'CTX', 'Ch', 'OUI', 'OUI', 'FRCHR', '87597005', '', ''),
('615 039', 'Avant Avril 2011', 'CTY', 'Castelnaudary', '23/03/2012', 'OUI', 'FRCTY', '87615039', '', ''),
('741 074', 'Avant Avril 2011', 'CUZ', 'Culoz', '17/02/2012', 'NON', 'FRCUZ', '87741074', '', ''),
('741 116', '29/10/2013', 'CWX', 'Chindrieux', 'NON', 'NON', 'FRHNX', '87741116', '', ''),
('181 222', '05/03/2013', 'CXJ', 'Colmar Saint-Joseph', 'OUI', '', 'FRBIV', '87181222', '', ''),
('402 297', '05/03/2013', 'CXM', 'Colmar M', 'OUI', '', 'FRBIU', '87402297', '', ''),
('142 125', 'Via WS SUM Sans VaQ Copyright SNCFProximit', 'CYN', 'Culmont - Chalindrey', '10/05/2012', '', 'FRCCY', '87142125', '', ''),
('594 119', 'Via WS SUM Sans VaQ Copyright SNCFProximit', 'CZE', 'Corr', '01/01/2013', '', 'FRFIP', '87594119', '', ''),
('611 079', 'Via WS SUM VaQ Copyright SNCFProximit', 'CZG', 'Caz', '01/01/2013', '', 'FRFPC', '87611079', '', ''),
('734 160', '05/02/2013', 'CZJ', 'Le Cendre Orcet', 'OUI', '', 'FRHKX', '87734160', '', ''),
('721 746', '26/02/2013', 'CZK', 'Civrieux-d''Azergues', 'OUI', '', 'FRHDF', '87721746', '', ''),
('721 415', '26/02/2013', 'CZM', 'Chazay - Marcilly', 'OUI', '', 'FRHCQ', '87721415', '', ''),
('672 139', 'Via WS SUM Sans VaQ Copyright SNCFProximit', 'CZN', 'Coarraze Nay', '01/01/2013', '', 'FRGFB', '87672139', '', ''),
('316 075', '05/03/2013', 'DAS', 'Dreuil-l', 'OUI', '', 'FRCTM', '87316075', '', ''),
('673 202', 'Avant Avril 2011', 'DAX', 'Dax', 'OUI', 'OUI', 'FRACG', '87673202', '', ''),
('214 551', '23/04/2013', 'DCN', 'Dachstein', 'OUI', '', 'FRBYP', '87214551', '', ''),
('721 449', '05/03/2013', 'DDJ', 'Dardilly le Jubin', 'OUI', '', 'FRGRQ', '87721449', '', ''),
('721 480', '05/03/2013', 'DDY', 'Dardilly les Mouilles', 'OUI', '', 'FRGSP', '87721480', '', ''),
('212 183', '21/05/2013', 'DEE', 'Dettwiller', 'OUI', '', 'FRBUJ', '87212183', '', ''),
('415 018', '02/09/2011', 'DEV', 'Dieppe', '23/03/2012', 'NON', 'FRAFD', '87415018', '', ''),
('214 338', '23/04/2013', 'DHM', 'Dorlisheim', 'OUI', '', 'FRBXY', '87214338', '', ''),
('761 841', 'Via WS SUM Sans VaQ Copyright SNCFProximit', 'DIE', 'Die', '01/01/2013', '', 'FRDIE', '87761841', '', ''),
('713 008', '16/04/2013', 'DJP', 'Dijon Porte Neuve', 'OUI', '', 'FRGVW', '87713008', '', ''),
('713 040', 'Avant Avril 2011', 'DJV', 'Dijon', 'OUI', 'OUI', 'FRABA', '87713040', '', ''),
('281 006', 'Avant Avril 2011', 'DKQ', 'Dunkerque', 'OUI', 'OUI', 'FRADI', '87281006', '', ''),
('713 412', 'Avant Avril 2011', 'DLE', 'Dole', 'OUI', 'OUI', 'FRACE', '87713412', '', ''),
('721 738', '29/10/2013', 'DLU', 'Dommartin - Lissieu', 'NON', 'NON', 'FRHDE', '87721738', '', ''),
('764 290', '09/04/2013', 'DOE', 'Donz', 'OUI', '', 'FRIHM', '87764290', '', ''),
('345 009', 'Avant Avril 2011', 'DOI', 'Douai', 'OUI', 'OUI', 'FRXDN', '87345009', '', ''),
('478 073', 'Via WS SUM Sans VaQ Copyright SNCFProximit', 'DOL', 'Dol de Bretagne', '10/05/2012', '', 'FRDOL', '87478073', '', ''),
('286 435', '02/09/2011', 'DON', 'Don Sainghin', '23/03/2012', 'NON', 'FRDON', '87286435', '', ''),
('393 488', 'Avant Avril 2011', 'DRX', 'Dreux', 'OUI', 'NON', 'FRXDR', '87393488', '', ''),
('214 544', '23/04/2013', 'DTM', 'Duttlenheim', 'OUI', '', 'FRBYO', '87214544', '', ''),
('214 536', '23/04/2013', 'DUP', 'Duppigheim', 'OUI', '', 'FRBYN', '87214536', '', ''),
('172 064', '23/04/2013', 'DVI', 'Deville', 'OUI', '', 'FRBDD', '87172064', '', ''),
('696 484', '02/09/2011', 'DZE', 'Decize', 'OUI', 'NON', 'FRGTH', '87696484', '', ''),
('214 106', '21/05/2013', 'EBH', 'Ebersheim', 'OUI', '', 'FRBXI', '87214106', '', ''),
('723 718', '05/03/2013', 'ECH', 'Les ', 'OUI', '', 'FRHFM', '87723718', '', ''),
('396 564', 'Via WS SUM Sans VaQ Copyright SNCFProximit', 'ECO', 'Ecommoy', '01/01/2013', '', 'FRDMM', '87396564', '', ''),
('710 731', '29/10/2013', 'ECV', 'Ecole-Valentin', 'NON', 'NON', '', '87710731', '', ''),
('721 506', '05/03/2013', 'ECY', '', 'OUI', '', 'FRHCU', '87721506', '', ''),
('214 148', '16/04/2013', 'EEN', 'Erstein', 'OUI', '', 'FRBXM', '87214148', '', ''),
('594 168', 'Via WS SUM Sans VaQ Copyright SNCFProximit', 'EGL', 'Egletons', '01/01/2013', '', 'FRFIU', '87594168', '', ''),
('725 895', 'Avant Avril 2011', 'EHR', 'Echirolles', '17/02/2012', 'NON', 'FRECE', '87725895', '', ''),
('784 207', '11/12/2012', 'ELN', 'Elne - Pas d''Arriv', '20/12/2012', '', 'FRIOG', '87784207', '', ''),
('144 006', 'Avant Avril 2011', 'ELP', 'Epinal', 'OUI', 'OUI', 'FREPL', '87144006', '', ''),
('144 436', '23/04/2013', 'ELS', '', 'OUI', '', 'FRAYS', '87144436', '', ''),
('763 466', '11/12/2012', 'EMB', 'Embrun', '20/12/2012', '', 'FRIGV', '87763466', '', ''),
('214 528', '16/04/2013', 'ENZ', 'Entzheim', 'OUI', '', 'FRBYM', '87214528', '', ''),
('386 763', '23/04/2013', 'EPO', '', 'OUI', '', 'FRDGG', '87386763', '', ''),
('171 553', 'Avant Avril 2011', 'EPR', 'Epernay', 'OUI', 'OUI', 'FRXEP', '87171553', '', ''),
('722 579', '05/03/2013', 'ESN', 'Estressin', 'OUI', '', 'FRHEJ', '87722579', '', ''),
('317 065', '11/05/2011', 'ETA', 'Etaples le Touquet', '23/03/2012', 'NON', 'FRETA', '87317065', '', ''),
('745 679', 'Avant Avril 2011', 'EVI', 'Evian les Bains', 'OUI', 'NON', 'FRXEB', '87745679', '', ''),
('387 001', 'Avant Avril 2011', 'EVX', 'Evreux Normandie', 'OUI', 'NON', 'FREVX', '87387001', '', ''),
('641 241', 'Via WS SUM Sans VaQ Copyright SNCFProximit', 'EYG', 'Eygurande-Merlines', '01/01/2013', '', 'FREYG', '87641241', '', ''),
('582 478', 'Via WS SUM Sans VaQ Copyright SNCFProximit', 'FAT', 'Biganos-Facture', 'OUI', '', 'FRFAC', '87582478', '', ''),
('313 742', '21/05/2013', 'FBS', 'Feuqui', 'OUI', '', 'FRCSJ', '87313742', '', ''),
('172 874', '23/04/2013', 'FEP', 'F', 'OUI', '', 'FRBEQ', '87172874', '', ''),
('726 877', '05/02/2013', 'FEU', 'Feurs', 'OUI', '', 'FRHJB', '87726877', '', ''),
('722 538', '05/03/2013', 'FEY', 'Feyzin', 'OUI', '', 'FRHEG', '87722538', '', ''),
('212 266', '14/05/2013', 'FHM', 'Fegersheim - Lipsheim', 'OUI', '', 'FRBUP', '87212266', '', ''),
('281 071', '26/01/2012', 'FHS', 'Calais Frethun', 'OUI', 'OUI', 'FRSTH', '87281071', '', ''),
('613 091', '10/10/2012', 'FIG', 'Figeac', 'OUI', '', '', '87613091', '', ''),
('741 496', '21/05/2013', 'FII', 'Les Abrets - Fitilieu', 'OUI', '', 'FRHOS', '87741496', '', ''),
('721 704', '09/04/2013', 'FLD', 'Les Flach', 'OUI', '', 'FRHDB', '87721704', '', ''),
('448 001', '10/10/2012', 'FLS', 'Flers', 'OUI', '', '', '87448001', '', ''),
('696 229', 'Via WS SUM Sans VaQ Copyright SNCFProximit', 'FLT', 'Fourchambault', '01/01/2013', '', 'FRGSO', '87696229', '', ''),
('726 729', '05/02/2013', 'FNY', 'Firminy (TER SEN)', 'OUI', '', 'FRFNY', '87726729', '', ''),
('193 003', 'Avant Avril 2011', 'FOB', 'Forbach', 'OUI', 'OUI', 'FRBQT', '87193003', '', ''),
('447 649', '11/12/2012', 'FOL', 'Folligny', '20/12/2012', '', 'FRFOL', '87447649', '', ''),
('715 136', '02/09/2011', 'FRA', 'Frasne', 'OUI', 'NON', 'FRFRA', '87715136', '', ''),
('141 077', 'Avant Avril 2011', 'FRD', 'Frouard', '23/03/2012', 'NON', 'FRFRO', '87141077', '', ''),
('757 500', 'Via WS SUM VaQ Copyright SNCFProximit', 'FRJ', 'Fr', '01/01/2013', '', 'FRAFN', '87757500', '', ''),
('773 556', '16/04/2013', 'FRN', 'Frontignan', 'OUI', '', 'FRIJK', '87773556', '', ''),
('722 702', '05/03/2013', 'FRW', 'Francheville', 'OUI', '', 'FRDAD', '87722702', '', ''),
('721 563', '05/03/2013', 'FSL', 'Fleurieux-sur-l''Arbresle', 'OUI', '', 'FRHCZ', '87721563', '', ''),
('324 095', 'Avant Avril 2011', 'FTU', 'Futuroscope', 'OUI', 'NON', 'FRTGO', '87324095', '', ''),
('172 098', '23/04/2013', 'FUY', 'Fumay', 'OUI', '', 'FRBDG', '87172098', '', ''),
('611 616', 'Via WS SUM Sans VaQ Copyright SNCFProximit', 'FXE', 'Foix', '01/01/2013', '', 'FRXFX', '87611616', '', ''),
('757 740', '14/05/2013', 'FYS', 'La Fray', 'OUI', '', 'FRLAJ', '87757740', '', ''),
('415 620', 'Via WS SUM Sans VaQ Copyright SNCFProximit', 'GAA', 'Gaillon - Aubevoye', '01/01/2013', '', 'FRCOA', '87415620', '', ''),
('611 772', '05/03/2013', 'GAH', 'Gimont Cahuzac', 'OUI', '', 'FRFRB', '87611772', '', ''),
('732 404', '02/09/2011', 'GAN', 'Gannat', 'OUI', 'NON', 'FRGAN', '87732404', '', ''),
('763 003', 'Avant Avril 2011', 'GAP', 'Gap', '23/03/2012', 'NON', 'FRGAT', '87763003', '', ''),
('313 734', '21/05/2013', 'GAR', 'Grandvilliers', 'OUI', '', 'FRCSI', '87313734', '', ''),
('746 107', 'Avant Avril 2011', 'GAX', 'Gr', '17/02/2012', 'NON', 'FRHTB', '87746107', '', ''),
('751 420', '29/10/2013', 'GDS', 'Gardanne', 'NON', 'NON', 'FRHXP', '87751420', '', ''),
('473 207', '05/02/2013', 'GGP', 'Guingamp', '10/05/2012', '', 'FRGGP', '87473207', '', ''),
('722 439', '05/03/2013', 'GIC', 'Givors Canal', 'OUI', '', 'FRAEO', '87722439', '', ''),
('684 290', 'Via WS SUM VaQ Copyright SNCFProximit', 'GIE', 'Gien', '01/01/2013', '', 'FRGOH', '87684290', '', ''),
('381 244', '29/10/2013', 'GIS', 'Gisors', 'NON', 'NON', 'FRDCP', '87381244', '', ''),
('722 405', '29/01/2013', 'GIV', 'Givors', 'OUI', '', 'FRHEE', '87722405', '', ''),
('181 552', '09/04/2013', 'GLL', 'Saint-Gilles', 'OUI', '', 'FRBIW', '87181552', '', ''),
('713 313', '21/05/2013', 'GLS', 'Genlis', 'OUI', '', 'FRGWP', '87713313', '', ''),
('775 213', 'Via WS SUM Sans VaQ Copyright SNCFProximit', 'GNC', 'G', '01/01/2013', '', 'FRIJY', '87775213', '', ''),
('747 477', 'Avant Avril 2011', 'GOC', 'Goncelin', '17/02/2012', 'NON', 'FRHVX', '87747477', '', ''),
('613 141', 'Via WS SUM VaQ Copyright SNCFProximit', 'GOV', 'Gourdon', '02/09/2011', '', 'FRFSI', '87613141', '', ''),
('212 258', '14/05/2013', 'GPM', 'Geispolsheim', 'OUI', '', 'FRBUO', '87212258', '', ''),
('757 724', '16/04/2013', 'GRA', 'Grasse', 'OUI', '', 'FRIBL', '87757724', '', ''),
('747 006', 'Avant Avril 2011', 'GRE', 'Grenoble', 'OUI', 'OUI', 'FRGNB', '87747006', '', ''),
('212 241', '21/05/2013', 'GRF', 'Graffenstaden', 'OUI', '', 'FRBUN', '87212241', '', ''),
('747 402', '02/09/2011', 'GRS', 'Grenoble Universit', 'OUI', 'NON', 'FRHVS', '87747402', '', ''),
('613 059', 'Via WS SUM Sans VaQ Copyright SNCFProximit', 'GRT', 'Gramat', '01/01/2013', '', 'FRFSB', '87613059', '', ''),
('447 680', 'Avant Avril 2011', 'GRV', 'Granville', 'OUI', 'NON', 'FRGFR', '87447680', '', ''),
('182 386', '05/03/2013', 'GSB', 'Gunsbach - Griesbach', 'OUI', 'vides', 'FRBJV', '87182386', '', ''),
('746 248', 'Avant Avril 2011', 'GTC', 'Groisy - Thorens la Caille', '17/02/2012', 'NON', 'FRHTO', '87746248', '', ''),
('673 459', 'Via WS SUM Sans VaQ Copyright SNCFProximit', 'GTH', 'Gu', '01/01/2013', '', 'FRGHG', '87673459', '', ''),
('597 609', 'Via WS SUM Sans VaQ Copyright SNCFProximit', 'GTJ', 'Gu', '02/09/2011', '', 'FRXGT', '87597609', '', ''),
('172 130', '23/04/2013', 'GVT', 'Givet', 'OUI', '', 'FRBDK', '87172130', '', ''),
('214 254', '23/04/2013', 'GWL', 'Gertwiller', 'OUI', '', 'FRBXS', '87214254', '', ''),
('214 270', '23/04/2013', 'GXW', 'Goxwiller', 'OUI', '', 'FRBXT', '87214270', '', ''),
('182 089', '16/04/2013', 'HAB', 'Habsheim', 'OUI', '', 'FRBJC', '87182089', '', ''),
('213 058', '29/10/2013', 'HAG', 'Haguenau', 'NON', 'NON', 'FRHAG', '87213058', '', ''),
('313 114', '05/03/2013', 'HAS', 'Hangest-sur-Somme', 'OUI', '', 'FRCQQ', '87313114', '', ''),
('191 239', 'Via WS SUM Sans VaQ Copyright SNCFProximit', 'HAY', 'Hayange', '01/01/2013', '', 'FRBNT', '87191239', '', ''),
('212 167', '16/04/2013', 'HCH', 'Hochfelden', 'OUI', '', 'FRBUH', '87212167', '', ''),
('677 005', 'Avant Avril 2011', 'HED', 'Hendaye', 'OUI', 'OUI', 'FRAEF', '87677005', '', ''),
('313 692', '21/05/2013', 'HEE', 'Herchies', 'OUI', '', 'FRCSD', '87313692', '', ''),
('476 259', 'Via WS SUM Sans VaQ Copyright SNCFProximit', 'HEN', 'Hennebont', '01/01/2013', '', 'FRECK', '87476259', '', ''),
('191 114', '29/10/2013', 'HGD', 'Hagondange', 'NON', 'NON', 'FRHGD', '87191114', '', ''),
('295 063', 'Via WS SUM Sans VaQ Copyright SNCFProximit', 'HIQ', 'Hirson', '01/01/2013', '', 'FRHIR', '87295063', '', ''),
('213 686', '16/04/2013', 'HOD', 'Hoerdt', 'OUI', '', 'FRBWT', '87213686', '', ''),
('214 510', '14/05/2013', 'HOZ', 'Holtzheim', 'OUI', '', 'FRBYL', '87214510', '', ''),
('313 882', 'Avant Avril 2011', 'HPI', 'TGV Haute Picardie', 'OUI', 'NON', 'FRTHP', '87313882', '', ''),
('677 104', 'Via WS SUM Sans VaQ Copyright SNCFProximit', 'HPZ', 'Les Deux-Jumeaux', '01/01/2013', '', 'FRGJU', '87677104', '', ''),
('755 629', 'Avant Avril 2011', 'HYE', 'Hy', '23/03/2012', 'OUI', 'FRXHE', '87755629', '', ''),
('172 106', '14/05/2013', 'HYM', 'Haybes', 'OUI', '', 'FRBDH', '87172106', '', ''),
('286 302', 'Avant Avril 2011', 'HZK', 'Hazebrouk', '26/04/2012', 'OUI', 'FRHZK', '87286302', '', ''),
('213 785', '16/04/2013', 'IGW', 'Ingwiller', 'OUI', '', 'FRBWZ', '87213785', '', ''),
('761 239', '05/02/2013', 'ISA', 'L''Isle d''Abeau', 'OUI', '', 'FRIEV', '87761239', '', ''),
('597 062', 'Via WS SUM Sans VaQ Copyright SNCFProximit', 'ISK', 'Issoudun', '01/01/2013', '', 'FRFMN', '87597062', '', ''),
('734 202', 'Via WS SUM Sans VaQ Copyright SNCFProximit', 'ISS', 'Issoire', '01/01/2013', '', 'FRHLB', '87734202', '', ''),
('713 859', 'Via WS SUM Sans VaQ Copyright SNCFProximit', 'IST', 'Is sur Tille', '01/01/2013', '', 'FRGYB', '87713859', '', ''),
('144 089', '05/03/2013', 'IYA', 'Igney', 'OUI', 'vides', 'FRAXR', '87144089', '', ''),
('141 010', '09/04/2013', 'JAR', 'Jarville-la-Malgrange', 'OUI', '', 'FRJAM', '87141010', '', ''),
('172 031', '14/05/2013', 'JGY', 'Joigny-sur-Meuse', 'OUI', '', 'FRBDA', '87172031', '', ''),
('491 142', 'Via WS SUM Sans VaQ Copyright SNCFProximit', 'JOH', 'Jonzac', '01/01/2013', '', 'FREMR', '87491142', '', ''),
('683 243', '19/04/2012', 'JOI', 'Joigny', '26/04/2012', 'NON', 'FRGMU', '87683243', '', ''),
('175 091', 'Via WS SUM Sans VaQ Copyright SNCFProximit', 'JQI', 'Joinville', '01/01/2013', '', 'FRBGN', '87175091', '', ''),
('295 014', '26/02/2013', 'JTJ', 'Jeumont', 'OUI', '', 'FRCMA', '87295014', '', ''),
('545 244', 'Via WS SUM Sans VaQ Copyright SNCFProximit', 'JYG', 'Juvisy TGV', '10/05/2012', '', 'FRJSY', '87545244', '', ''),
('214 114', '21/05/2013', 'KEN', 'Kogenheim', 'OUI', '', 'FRBXJ', '87214114', '', ''),
('721 241', '09/04/2013', 'KMD', 'Couzon-au-Mont-d''Or', 'OUI', '', 'FRHCI', '87721241', '', ''),
('611 939', '09/04/2013', 'KPL', 'Lardenne', 'OUI', '', 'FRFRQ', '87611939', '', ''),
('338 525', '26/02/2013', 'KRI', 'Krimmeri Meinau', 'OUI', '', 'FRKRI', '87338525', '', ''),
('725 713', '09/04/2013', 'KSA', 'Cr', 'OUI', '', 'FRHGV', '87725713', '', ''),
('213 660', '14/05/2013', 'KUR', 'Kurtzenhouse', 'OUI', '', 'FRBWR', '87213660', '', ''),
('543 017', 'Avant Avril 2011', 'LAB', 'Les Aubrais Orl', 'OUI', 'OUI', 'FRLAB', '87543017', '', ''),
('755 447', 'Avant Avril 2011', 'LAC', 'Les Arcs Draguignan', 'OUI', 'OUI', 'FRXRS', '87755447', '', ''),
('444 638', '11/12/2012', 'LAE', 'L''Aigle', '20/12/2012', '', 'FRDSQ', '87444638', '', ''),
('142 091', 'Avant Avril 2011', 'LAG', 'Langres', '23/03/2012', 'NON', 'FRLAG', '87142091', '', ''),
('478 404', 'Avant Avril 2011', 'LAL', 'Laval', 'OUI', 'OUI', 'FRACR', '87478404', '', ''),
('473 108', 'Avant Avril 2011', 'LAM', 'Lamballe', '23/03/2012', 'NON', 'FRLAM', '87473108', '', ''),
('296 012', '29/01/2013', 'LAO', 'Laon', 'OUI', '', 'FRDKM', '87296012', '', ''),
('641 274', 'Via WS SUM Sans VaQ Copyright SNCFProximit', 'LAQ', 'Laqueuille', '01/01/2013', '', 'FRLAQ', '87641274', '', ''),
('683 268', 'Avant Avril 2011', 'LAR', 'Laroche Migennes', 'OUI', 'OUI', 'FRISI', '87683268', '', ''),
('696 195', '19/04/2012', 'LAT', 'La Charit', '26/04/2012', 'NON', 'FRGSL', '87696195', '', ''),
('741 777', '04/04/2013', 'LAY', 'Landry', '02/09/2011', 'NON', 'FRHPG', '87741777', '', ''),
('781 583', 'Via WS SUM Sans VaQ Copyright SNCFProximit', 'LBD', 'Le Bousquet d''Orb', '01/01/2013', '', 'FRIMG', '87781583', '', ''),
('481 754', 'Avant Avril 2011', 'LBE', 'La Baule Escoublac', 'OUI', 'OUI', 'FRJEE', '87481754', '', ''),
('721 431', '29/01/2013', 'LBL', 'L''Arbresle', 'OUI', '', 'FRLBL', '87721431', '', ''),
('775 171', 'Via WS SUM Sans VaQ Copyright SNCFProximit', 'LBS', 'La Bastide Saint-Laurent-les-Bains', '01/01/2013', '', 'FRLBS', '87775171', '', ''),
('295 220', 'Via WS SUM VaQ Copyright SNCFProximit', 'LCA', 'Le Cateau', '01/01/2013', '', 'FRCMG', '87295220', '', ''),
('481 788', '19/04/2012', 'LCC', 'Le Croisic', '26/04/2012', 'OUI', 'FREGU', '87481788', '', ''),
('726 711', '05/03/2013', 'LCF', 'Le Chambon-Feugerolles', 'OUI', '', 'FRHIM', '87726711', '', ''),
('694 109', 'Avant Avril 2011', 'LCM', 'Le Creusot TGV (Monceau Montchanin)', 'OUI', 'OUI', 'FRXCC', '87694109', '', ''),
('726 828', '26/02/2013', 'LCU', 'Le Coteau', 'OUI', '', 'FRLCU', '87726828', '', ''),
('417 501', 'Avant Avril 2011', 'LCW', 'Lancey', '17/02/2012', 'NON', 'FRLEY', '87417501', '', ''),
('761 874', 'Via WS SUM Sans VaQ Copyright SNCFProximit', 'LDE', 'Luc en Diois', '01/01/2013', '', 'FRIFP', '87761874', '', ''),
('474 239', 'Avant Avril 2011', 'LDO', 'Landerneau', '23/03/2012', 'NON', 'FRXLD', '87474239', '', ''),
('671 339', 'Avant Avril 2011', 'LDS', 'Lourdes', 'OUI', 'NON', 'FRLDE', '87671339', '', ''),
('763 557', '11/12/2012', 'LEE', 'L''Argenti', '20/12/2012', '', 'FRIHC', '87763557', '', ''),
('396 002', 'Avant Avril 2011', 'LEN', 'Le Mans', 'OUI', 'OUI', 'FRAET', '87396002', '', ''),
('781 088', '11/12/2012', 'LEU', 'Leucate la-Franqui - Pas d''Arriv', '20/12/2012', '', 'FRILQ', '87781088', '', ''),
('223 263', 'Avant Avril 2011', 'LEW', 'Lille Europe', 'OUI', 'OUI', 'FRLLE', '87223263', '', ''),
('734 442', '02/09/2011', 'LEZ', 'Lezoux', 'OUI', 'NON', 'FRHLS', '87734442', '', ''),
('726 232', '05/03/2013', 'LFI', 'La Fouillouse', 'OUI', '', 'FRHHL', '87726232', '', ''),
('172 072', '14/05/2013', 'LFU', 'Laifour', 'OUI', '', 'FRBDE', '87172072', '', ''),
('182 543', '05/03/2013', 'LFZ', 'Luttenbach-pr', 'OUI', 'vides', 'FRBKK', '87182543', '', ''),
('775 254', 'Via WS SUM Sans VaQ Copyright SNCFProximit', 'LGC', 'Grand Combe la Pise', '01/01/2013', '', 'FRIKC', '87775254', '', ''),
('734 350', 'Via WS SUM Sans VaQ Copyright SNCFProximit', 'LGG', 'Langogne', '01/01/2013', '', 'FRHLM', '87734350', '', ''),
('214 502', '14/05/2013', 'LGH', 'Lingolsheim', 'OUI', '', 'FRBYK', '87214502', '', ''),
('747 220', 'Avant Avril 2011', 'LGL', 'Le Grand Lemps', '23/03/2012', 'NON', 'FRHVK', '87747220', '', ''),
('194 274', 'Via WS SUM Sans VaQ Copyright SNCFProximit', 'LGN', 'Longuyon', '01/01/2013', '', 'FRLGN', '87194274', '', ''),
('313 122', '26/02/2013', 'LGP', 'Longpr', 'OUI', '', 'FRCQR', '87313122', '', ''),
('413 013', 'Avant Avril 2011', 'LHA', 'Le Havre', 'OUI', 'OUI', 'FRAEZ', '87413013', '', ''),
('481 416', 'Avant Avril 2011', 'LHE', 'La Haie Fouassi', '23/03/2012', 'NON', 'FREFZ', '87481416', '', ''),
('212 274', '21/05/2013', 'LHJ', 'Limersheim', 'OUI', '', 'FRBUQ', '87212274', '', ''),
('611 517', 'Via WS SUM Sans VaQ Copyright SNCFProximit', 'LHT', 'L''Hospitalet pres l''Andorre', '01/01/2013', '', 'FRFQG', '87611517', '', ''),
('584 052', 'Avant Avril 2011', 'LIB', 'Libourne', 'OUI', 'OUI', 'FRXLR', '87584052', '', ''),
('481 762', 'Via WS SUM Sans VaQ Copyright SNCFProximit', 'LIG', 'Le Pouliguen', '10/05/2012', '', 'FREGS', '87481762', '', ''),
('611 806', '05/02/2013', 'LIJ', 'L''Isle Jourdain', 'OUI', '', 'FRFRD', '87611806', '', ''),
('592 006', 'Avant Avril 2011', 'LIM', 'Limoges B', 'OUI', 'OUI', 'FRAGQ', '87592006', '', ''),
('444 265', 'Avant Avril 2011', 'LIS', 'Lisieux', 'OUI', 'NON', 'FRXLX', '87444265', '', ''),
('761 247', '05/03/2013', 'LIV', 'Livron', 'OUI', '', 'FRLIV', '87761247', '', ''),
('282 624', '20/09/2011', 'LJC', 'Lyon Jean Mac', 'OUI', 'OUI', 'FRHTF', '87282624', '', ''),
('713 115', '26/02/2013', 'LLA', 'Les Laumes Al', 'OUI', '', 'FRGWC', '87713115', '', ''),
('286 005', 'Avant Avril 2011', 'LLF', 'Lille Flandres', 'OUI', 'OUI', 'FRADJ', '87286005', '', ''),
('718 239', 'Avant Avril 2011', 'LLS', 'Lons le Saunier', 'OUI', 'OUI', 'FRXLL', '87718239', '', ''),
('141 150', 'Avant Avril 2011', 'LNE', 'Lun', 'OUI', 'OUI', 'FRLNE', '87141150', '', ''),
('734 319', 'Via WS SUM Sans VaQ Copyright SNCFProximit', 'LNG', 'Langeac', '01/01/2013', '', 'FRHLI', '87734319', '', ''),
('473 223', 'Avant Avril 2011', 'LNI', 'Lannion', '23/03/2012', 'NON', 'FRLAI', '87473223', '', ''),
('345 025', 'Avant Avril 2011', 'LNS', 'Lens', 'OUI', 'OUI', 'FRXLE', '87345025', '', ''),
('671 123', 'Via WS SUM Sans VaQ Copyright SNCFProximit', 'LNZ', 'Lannemezan', '02/09/2011', '', 'FRLNZ', '87671123', '', ''),
('182 345', '05/03/2013', 'LOJ', 'Logelbach', 'OUI', 'vides', 'FRBJR', '87182345', '', ''),
('761 262', '05/03/2013', 'LOL', 'Loriol', 'OUI', '', 'FRIEW', '87761262', '', ''),
('116 137', 'Via WS SUM Sans VaQ Copyright SNCFProximit', 'LON', 'Longueville', '01/01/2013', '', 'FRLON', '87116137', '', ''),
('721 423', '29/01/2013', 'LOZ', 'Lozanne', 'OUI', '', 'FRLOZ', '87721423', '', ''),
('741 439', '21/05/2013', 'LPL', 'L', 'OUI', '', 'FRHOM', '87741439', '', ''),
('484 337', '14/05/2013', 'LPO', 'La Possonni', 'OUI', '', 'FRLPO', '87484337', '', ''),
('722 025', 'Avant Avril 2011', 'LPR', 'Lyon Perrache', 'OUI', 'OUI', 'FRLPE', '87722025', '', ''),
('734 699', '02/09/2011', 'LPU', 'Le Puy en Velay', 'OUI', 'NON', 'FRLPY', '87734699', '', ''),
('485 003', 'Avant Avril 2011', 'LRE', 'La Rochelle', 'OUI', 'OUI', 'FRLRH', '87485003', '', ''),
('746 305', '02/09/2011', 'LRF', 'La Roche sur Foron', 'OUI', 'NON', 'FRLRF', '87746305', '', ''),
('486 258', 'Via WS SUM Sans VaQ Copyright SNCFProximit', 'LRK', 'Lu', '01/01/2013', '', 'FRLCN', '87486258', '', ''),
('726 703', '05/03/2013', 'LRM', 'La Ricamarie', 'OUI', '', 'FRHIL', '87726703', '', ''),
('476 002', 'Avant Avril 2011', 'LRT', 'Lorient', 'OUI', 'NON', 'FRLRT', '87476002', '', ''),
('486 019', 'Avant Avril 2011', 'LRY', 'La Roche sur Yon', 'OUI', 'OUI', 'FRXRO', '87486019', '', ''),
('722 298', '05/03/2013', 'LSB', 'Grigny le Sablon', 'OUI', '', 'FRHEB', '87722298', '', ''),
('447 219', '10/10/2012', 'LSN', 'Lison', 'OUI', '', '', '87447219', '', ''),
('486 449', '09/05/2012', 'LSO', 'Les Sables d''Olonne', '10/05/2012', 'NON', 'FRLSO', '87486449', '', ''),
('721 159', '29/01/2013', 'LSP', 'Lyon Saint-Paul - Pas d''Arriv', 'OUI', '', 'FRLSP', '87721159', '', ''),
('592 378', 'Via WS SUM VaQ Copyright SNCFProximit', 'LST', 'La Souterraine', '02/09/2011', '', 'FRLST', '87592345', '', ''),
('611 483', '11/12/2012', 'LTL', 'Latour de Carol Enveitg', '20/12/2012', '', 'FRXTE', '87611483', '', ''),
('317 529', 'Via WS SUM Sans VaQ Copyright SNCFProximit', 'LTM', 'Le Tr', '01/01/2013', '', 'FRCWV', '87317529', '', ''),
('723 478', '29/01/2013', 'LTP', 'La Tour du Pin', 'OUI', '', 'FRHFB', '87723478', '', ''),
('721 555', '05/02/2013', 'LTY', 'Lentilly', 'OUI', '', 'FRHCY', '87721555', '', ''),
('313 049', 'Avant Avril 2011', 'LUA', 'Longueau', 'OUI', 'OUI', 'FRCQL', '87313049', '', ''),
('611 236', 'Via WS SUM Sans VaQ Copyright SNCFProximit', 'LUC', 'Luchon', '01/01/2013', '', 'FRXLH', '87611236', '', ''),
('611 558', 'Via WS SUM Sans VaQ Copyright SNCFProximit', 'LUG', 'Luzenac-Garanou', '01/01/2013', '', 'FRFQI', '87611558', '', ''),
('773 408', '29/01/2013', 'LUN', 'Lunel', 'OUI', '', 'FRIJB', '87773408', '', ''),
('185 249', '19/04/2012', 'LUR', 'Lure', '26/04/2012', 'NON', 'FRLUR', '87185249', '', ''),
('721 001', '29/01/2013', 'LVI', 'Lyon Vaise', 'OUI', '', 'FRHCD', '87721001', '', ''),
('194 001', 'Avant Avril 2011', 'LWY', 'Longwy', 'OUI', 'OUI', 'FRLWY', '87194001', '', ''),
('723 197', 'Avant Avril 2011', 'LYD', 'Lyon Part Dieu', 'OUI', 'OUI', 'FRLPD', '87723197', '', ''),
('611 921', '05/02/2013', 'LYF', 'Colomiers Lycee International', 'OUI', '', 'FRFRP', '87611921', '', ''),
('721 175', '29/01/2013', 'LYL', 'Lyon Gorge de Loup', 'OUI', '', 'FRLYL', '87721175', '', ''),
('615 112', 'janv.-13', 'LZA', 'L', 'janv.-13', '', 'FRFUX', '87615112', '', ''),
('611 178', 'Via WS SUM Sans VaQ Copyright SNCFProximit', 'LZB', 'Loures Barbazan', '01/01/2013', '', 'FRFPK', '87611178', '', ''),
('725 689', 'Avant Avril 2011', 'MAC', 'M', 'OUI', 'OUI', 'FRHGU', '87725689', '', ''),
('313 726', '21/05/2013', 'MAI', 'Marseille-en-Beauvaisis', 'OUI', '', 'FRCSH', '87313726', '', ''),
('753 004', 'Avant Avril 2011', 'MAS', 'Miramas', 'OUI', 'OUI', 'FRMAZ', '87753004', '', ''),
('783 001', '11/12/2012', 'MAU', 'Millau', '20/12/2012', '', 'FRMAU', '87783001', '', ''),
('713 131', '02/09/2011', 'MBA', 'Montbard', 'OUI', 'OUI', 'FRGWE', '87713131', '', ''),
('751 081', 'Via WS SUM VaQ Copyright SNCFProximit', 'MBC', 'Marseille-Blancarde', '01/01/2013', '', 'FRMBC', '87751081', '', ''),
('184 523', 'Avant Avril 2011', 'MBD', 'Montb', 'OUI', 'NON', 'FRXMF', '87184523', '', ''),
('295 006', '19/04/2012', 'MBG', 'Maubeuge', '10/05/2012', 'NON', 'FRXME', '87295006', '', ''),
('611 244', 'Avant Avril 2011', 'MBN', 'Montauban Ville Bourbon', 'OUI', 'OUI', 'FRXMW', '87611244', '', ''),
('718 833', '19/04/2012', 'MCD', 'Mouchard', '10/05/2012', 'NON', 'FRMCD', '87718833', '', ''),
('694 307', '19/04/2012', 'MCH', 'Montchanin', '26/04/2012', 'NON', 'FRMCH', '87694307', '', ''),
('745 588', 'Avant Avril 2011', 'MCI', 'Machilly', '17/02/2012', 'NON', 'FRHSK', '87745588', '', ''),
('673 103', 'Via WS SUM Sans VaQ Copyright SNCFProximit', 'MCX', 'Morcenx', '01/01/2013', '', 'FRMCX', '87673103', '', ''),
('783 605', '05/03/2013', 'MDE', 'Mende', 'OUI', 'vides', 'FRMEN', '87783605', '', ''),
('194 209', 'Via WS SUM Sans VaQ Copyright SNCFProximit', 'MDY', 'Montm', '01/01/2013', '', 'FRBTI', '87194209', '', ''),
('741 280', '21/05/2013', 'MEE', '', 'OUI', '', 'FRHOH', '87741280', '', ''),
('682 005', '23/04/2013', 'MEL', 'Melun', 'OUI', '', 'FRMEL', '87682005', '', ''),
('756 486', 'Avant Avril 2011', 'MEN', 'Menton', 'OUI', 'OUI', 'FRXMT', '87756486', '', ''),
('611 038', '11/12/2012', 'MET', 'Muret', '20/12/2012', '', 'FRFOZ', '87611038', '', ''),
('723 585', '29/01/2013', 'MEX', 'Meximieux - P', 'OUI', '', 'FRHFJ', '87723585', '', ''),
('444 208', '11/12/2012', 'MEZ', 'M', '20/12/2012', '', 'FRMEZ', '87444208', '', ''),
('747 691', '14/05/2013', 'MFE', 'Moirans la Galifette', 'OUI', '', 'FRHWN', '87747691', '', ''),
('781 666', '11/12/2012', 'MGA', 'Magalas', '20/12/2012', '', 'FRIMK', '87781666', '', ''),
('746 412', 'Avant Avril 2011', 'MGD', 'Magland', '17/02/2012', 'NON', 'FRHUB', '87746412', '', ''),
('574 137', 'Via WS SUM VaQ Copyright SNCFProximit', 'MGL', 'Meung-sur-Loire', '01/01/2013', '', 'FREUC', '87574137', '', ''),
('182 733', '03/04/2013', 'MHK', 'Muhlbach-sur-Munster', 'OUI', '', 'FRBLC', '87182733', '', ''),
('214 130', '21/05/2013', 'MHW', 'Matzenheim', 'OUI', '', 'FRBXL', '87214130', '', ''),
('734 871', '11/12/2012', 'MIA', 'Massiac-Blesle', '20/12/2012', '', 'FRHMY', '87734871', '', ''),
('723 528', '05/02/2013', 'MIB', 'Miribel', 'OUI', '', 'FRHFE', '87723528', '', ''),
('723 726', '03/04/2013', 'MIO', 'Mionnay', 'OUI', '', 'FRHFN', '87723726', '', ''),
('725 705', 'Avant Avril 2011', 'MLH', 'M', 'OUI', 'OUI', 'FRMLT', '87725705', '', ''),
('641 001', 'Avant Avril 2011', 'MLN', 'Montlu', 'OUI', 'OUI', 'FRMCU', '87641001', '', ''),
('174 409', 'Via WS SUM Sans VaQ Copyright SNCFProximit', 'MLP', 'Mourmelon le Petit', '01/01/2013', '', 'FRBFV', '87174409', '', ''),
('586 453', 'Via WS SUM Sans VaQ Copyright SNCFProximit', 'MLS', 'Monsempron Libos', '01/01/2013', '', 'FRMLS', '87586453', '', ''),
('723 569', '29/01/2013', 'MLU', 'Montluel', 'OUI', '', 'FRHFI', '87723569', '', ''),
('111 849', 'Avant Avril 2011', 'MLV', 'Marne la Vall', 'OUI', 'OUI', 'FRMLV', '87111849', '', ''),
('444 083', 'janv-13', 'MLW', 'Le Molay Littry', '20/12/2012', '', 'FRDRM', '87444083', '', ''),
('611 525', 'Via WS SUM Sans VaQ Copyright SNCFProximit', 'MLX', 'M', '01/01/2013', '', 'FRFQH', '87611525', '', ''),
('586 545', 'Via WS SUM Sans VaQ Copyright SNCFProximit', 'MMD', 'Marmande', '01/01/2013', '', 'FRXMR', '87586545', '', ''),
('172 056', '23/04/2013', 'MME', 'Montherm', 'OUI', '', 'FRBDC', '87172056', '', ''),
('741 181', '02/09/2011', 'MML', 'Montm', 'OUI', 'NON', 'FRMML', '87741181', '', ''),
('671 016', 'Avant Avril 2011', 'MMR', 'Mont de Marsan', 'OUI', 'OUI', 'FRXMJ', '87671016', '', ''),
('191 106', '16/04/2013', 'MMZ', 'Maizi', 'OUI', '', 'FRBNP', '87191106', '', ''),
('756 403', 'Avant Avril 2011', 'MNA', 'Monaco - Monte Carlo', 'OUI', 'OUI', 'FRXMM', '87756403', '', ''),
('747 329', 'Avant Avril 2011', 'MOA', 'Moirans', '17/02/2012', 'NON', 'FRABZ', '87747329', '', ''),
('726 448', '05/02/2013', 'MOB', 'Montbrison', 'OUI', '', 'FRHHW', '87726448', '', ''),
('742 007', 'Avant Avril 2011', 'MOD', 'Modane', 'OUI', 'OUI', 'FRAGR', '87742007', '', ''),
('763 508', '11/12/2012', 'MOG', 'Montdauphin-Guillestre', '20/12/2012', '', 'FRIGZ', '87763508', '', ''),
('212 142', '16/04/2013', 'MOH', 'Mommenheim', 'OUI', '', 'FRMOH', '87212142', '', ''),
('214 577', '29/10/2013', 'MOL', 'Molsheim', 'NON', 'NON', 'FRMOL', '87214577', '', ''),
('682 278', '07/10/2013', 'MOR', 'Moret - Veneux-les-Sablons', '01/01/2013', '', 'FRMOR', '87682278', '', ''),
('741 728', 'Avant Avril 2011', 'MOS', 'Moutiers - Salins - Brides les Bains', 'OUI', 'NON', 'FRQMU', '87741728', '', ''),
('595 322', 'Via WS SUM Sans VaQ Copyright SNCFProximit', 'MPI', 'Montpon M', '01/01/2013', '', 'FRFLL', '87595322', '', ''),
('773 002', 'Avant Avril 2011', 'MPL', 'Montpellier Saint-Roch', 'OUI', 'OUI', 'FRMPL', '87773002', '', ''),
('393 702', '17/01/2012', 'MPW', 'Massy TGV ', 'OUI (RA+RD au 17/01/2012)', 'OUI', 'FRDJU', '87393702', '', ''),
('726 885', '26/02/2013', 'MRB', 'Montrond-les-Bains', 'OUI', '', 'FRHJC', '87726885', '', ''),
('746 347', 'Avant Avril 2011', 'MRG', 'Marignier', '17/02/2012', 'NON', 'FRHTW', '87746347', '', ''),
('715 441', '19/04/2012', 'MRZ', 'Morez', '26/04/2012', 'NON', 'FRGZG', '87715441', '', ''),
('696 328', 'Avant Avril 2011', 'MSA', 'Moulins sur Allier', 'OUI', 'OUI', 'FRXMU', '87696328', '', ''),
('611 194', 'Via WS SUM Sans VaQ Copyright SNCFProximit', 'MSB', 'Marignac-Saint-B', '01/01/2013', '', 'FRFPM', '87611194', '', ''),
('751 008', 'Avant Avril 2011', 'MSC', 'Marseille Saint-Charles', 'OUI', 'OUI', 'FRMSC', '87751008', '', ''),
('182 063', 'Avant Avril 2011', 'MSE', 'Mulhouse', 'OUI', 'OUI', 'FRAEK', '87182063', '', ''),
('684 001', 'Via WS SUM Sans VaQ Copyright SNCFProximit', 'MSR', 'Montargis', '01/01/2013', '', 'FRGNX', '87684001', '', ''),
('594 820', '02/09/2011', 'MST', 'Masseret', 'OUI', 'NON', 'FRFKP', '87594820', '', ''),
('381 509', '19/04/2012', 'MTE', 'Mantes La Jolie', '10/05/2012', 'NON', 'FRMTE', '87381509', '', ''),
('611 152', 'Via WS SUM Sans VaQ Copyright SNCFProximit', 'MTJ', 'Montr', '01/01/2013', '', 'FRMTJ', '87611152', '', ''),
('213 603', '14/05/2013', 'MTK', 'Marienthal', 'OUI', '', 'FRBWP', '87213603', '', ''),
('381 590', '23/04/2013', 'MTQ', 'Mantes Station - Pas de provenance dans les Arriv', 'OUI', '', 'FRDDK', '87381590', '', ''),
('764 001', 'Avant Avril 2011', 'MTR', 'Mont', 'OUI', 'NON', 'FRXMK', '87764001', '', ''),
('682 302', '23/04/2013', 'MTU', 'Montereau', 'OUI', '', 'FRMTU', '87682302', '', ''),
('214 585', '29/05/2013', 'MTZ', 'Mutzig', 'OUI', '', 'FRBYQ', '87214585', '', ''),
('386 540', '03/04/2013', 'MUB', 'Munster Badischhof', 'OUI', '', 'FRMUB', '87386540', '', ''),
('212 100', '14/05/2013', 'MUM', 'Mundolsheim', 'OUI', '', 'FRBUB', '87212100', '', ''),
('645 481', '17/01/2012', 'MUR', 'Murat', 'OUI', 'NON', 'FRGCG', '87645481', '', '');
INSERT INTO `table9` (`COL 1`, `COL 2`, `COL3`, `COL4`, `COL 5`, `COL 6`, `COL 7`, `COL8`, `COL 9`, `COL 10`) VALUES
('595 298', 'Via WS SUM Sans VaQ Copyright SNCFProximit', 'MUS', 'Mussidan', '01/01/2013', '', 'FRFLJ', '87595298', '', ''),
('182 394', '29/01/2013', 'MUT', 'Munster', 'OUI', '', 'FRMUS', '87182394', '', ''),
('401 323', '23/04/2013', 'MUU', 'Mouans-Sartoux', 'OUI', '', 'FRMSE', '87401323', '', ''),
('783 282', '11/12/2012', 'MVJ', 'Marvejols', '20/12/2012', '', 'FRINE', '87783282', '', ''),
('611 814', '03/04/2013', 'MWE', 'M', 'OUI', '', 'FRFRE', '87611814', '', ''),
('723 767', '05/03/2013', 'MXC', 'Marlieux - Chatillon', 'OUI', '', 'FRHFR', '87723767', '', ''),
('474 338', '24/05/2012', 'MXR', 'Morlaix', '22/05/2012', 'NON', 'FRMXN', '87474338', '', ''),
('594 275', 'Via WS SUM Sans VaQ Copyright SNCFProximit', 'MYC', 'Meymac', '01/01/2013', '', 'FRMYC', '87594275', '', ''),
('313 700', '21/05/2013', 'MYH', 'Milly-sur-Th', 'OUI', '', 'FRCSE', '87313700', '', ''),
('192 039', 'Avant Avril 2011', 'MZE', 'Metz', 'OUI', 'OUI', 'FRADE', '87192039', '', ''),
('182 816', '03/04/2013', 'MZL', 'Metzeral', 'OUI', '', 'FRBLF', '87182816', '', ''),
('741 694', '09/04/2013', 'NAB', 'Notre-Dame de Brian', 'OUI', '', 'FRHPB', '87741694', '', ''),
('781 104', 'Avant Avril 2011', 'NBN', 'Narbonne', 'OUI', 'OUI', 'FRXNA', '87781104', '', ''),
('141 291', 'Via WS SUM Sans VaQ Copyright SNCFProximit', 'NCH', 'Neufchateau', '10/05/2012', '', 'FRNCH', '87141291', '', ''),
('141 002', 'Avant Avril 2011', 'NCY', 'Nancy', 'OUI', 'OUI', 'FRENC', '87141002', '', ''),
('595 512', 'Via WS SUM Sans VaQ Copyright SNCFProximit', 'NEC', 'Niversac', '01/01/2013', '', 'FRNEC', '87595512', '', ''),
('645 507', 'Via WS SUM Sans VaQ Copyright SNCFProximit', 'NEU', 'Neussargues', '01/01/2013', '', 'FRNEU', '87645507', '', ''),
('743 351', '19/04/2012', 'NEX', 'Nurieux', '26/04/2012', 'NON', 'FRHQN', '87743351', '', ''),
('684 274', 'Via WS SUM VaQ Copyright SNCFProximit', 'NGI', 'Nogent-sur-Vernisson', '01/01/2013', '', 'FRGOG', '87684274', '', ''),
('756 056', 'Avant Avril 2011', 'NIC', 'Nice', 'OUI', 'OUI', 'FRNIC', '87756056', '', ''),
('775 007', 'Avant Avril 2011', 'NMS', 'N', 'OUI', 'OUI', 'FRFNI', '87775007', '', ''),
('317 396', '10/10/2012', 'NOE', 'Noyelles sur Mer', 'OUI', '', '', '87317396', '', ''),
('118 190', 'Via WS SUM Sans VaQ Copyright SNCFProximit', 'NOG', 'Nogent sur Seine', '01/01/2013', '', 'FRAPM', '87118190', '', ''),
('172 023', '14/05/2013', 'NOU', 'Nouzonville', 'OUI', '', 'FRBCZ', '87172023', '', ''),
('276 782', 'Via WS SUM Sans VaQ Copyright SNCFProximit', 'NOY', 'Noyon', '01/01/2013', '', 'FRCHT', '87276782', '', ''),
('485 300', 'Avant Avril 2011', 'NRT', 'Niort', 'OUI', 'OUI', 'FRNIT', '87485300', '', ''),
('172 213', 'Via WS SUM Sans VaQ Copyright SNCFProximit', 'NSM', 'Nouvion sur Meuse', '01/01/2013', '', 'FRBDP', '87172213', '', ''),
('684 126', 'Via WS SUM Sans VaQ Copyright SNCFProximit', 'NSP', 'Nemours Saint-Pierre', '01/01/2013', '', 'FRGOA', '87684126', '', ''),
('481 002', 'Avant Avril 2011', 'NTS', 'Nantes', 'OUI', 'OUI', 'FRNTE', '87481002', '', ''),
('713 529', '19/04/2012', 'NUI', 'Nuits Saint-Georges', '26/04/2012', 'NON', 'FRGXC', '87713529', '', ''),
('559 070', '14/05/2013', 'NVB', 'Nevers le Banlay', 'OUI', '', 'FRNLB', '87559070', '', ''),
('696 005', 'Avant Avril 2011', 'NVS', 'Nevers', 'OUI', 'OUI', 'FRNVS', '87696005', '', ''),
('214 288', '29/10/2013', 'OBE', 'Obernai', 'NON', 'NON', 'FRBXU', '87214288', '', ''),
('213 165', '16/04/2013', 'OBM', 'Obermodern', 'OUI', '', 'FROBM', '87213165', '', ''),
('765 107', '19/04/2012', 'OGE', 'Orange', '26/04/2012', 'OUI', 'FRXOG', '87765107', '', ''),
('543 009', 'Avant Avril 2011', 'ORL', 'Orl', 'OUI', 'OUI', 'FRAFK', '87543009', '', ''),
('672 253', '11/05/2011', 'ORT', 'Orthez', 'OUI', 'OUI', 'FRGFI', '87672253', '', ''),
('411 207', '08/12/2011', 'OSL', 'Oissel', '10/05/2012', 'NON', 'FROIL', '87411207', '', ''),
('722 207', '03/04/2013', 'OUL', 'Oullins', 'OUI', '', 'FRHDV', '87722207', '', ''),
('574 319', 'Via WS SUM VaQ Copyright SNCFProximit', 'OZA', 'Onzain', '01/01/2013', '', 'FREUL', '87574319', '', ''),
('141 820', '29/01/2013', 'PAM', 'Pont-', 'OUI', '', 'FRATW', '87141820', '', ''),
('672 006', 'Avant Avril 2011', 'PAU', 'Pau', 'OUI', 'OUI', 'FRAEE', '87672006', '', ''),
('547 000', 'Avant Avril 2011', 'PAZ', 'Paris Austerlitz', 'OUI', 'OUI', 'FRPAZ', '87547000', '', ''),
('611 830', '26/02/2013', 'PBR', 'Pibrac', 'OUI', '', 'FRFRG', '87611830', '', ''),
('686 667', 'Avant Avril 2011', 'PBY', 'Paris Bercy', 'OUI', 'OUI', 'FRPBE', '87686667', '', ''),
('747 493', '02/09/2011', 'PCA', 'Pontcharra sur Breda - Allevard', 'OUI', 'NON', 'FRHVZ', '87747493', '', ''),
('481 846', 'Via WS SUM Sans VaQ Copyright SNCFProximit', 'PCU', 'Pontch', '01/01/2013', '', 'FRPCT', '87481846', '', ''),
('734 459', '02/09/2011', 'PDO', 'Pont de Dore', 'OUI', 'NON', 'FRPDO', '87734459', '', ''),
('745 620', 'Avant Avril 2011', 'PEG', 'P', '17/02/2012', 'NON', 'FRHSN', '87745620', '', ''),
('751 362', '14/05/2013', 'PER', 'Pertuis', 'OUI', '', 'FRHXN', '87751362', '', ''),
('113 001', 'Avant Avril 2011', 'PES', 'Paris Est', 'OUI', 'OUI', 'FRPST', '87113001', '', ''),
('', '11/05/2011', 'PES_TRANS', 'Paris Est Transilien', 'OUI', '', '', '', '', ''),
('722 678', '29/01/2013', 'PGR', 'Le P', 'OUI', '', 'FRHEN', '87722678', '', ''),
('746 206', '02/09/2011', 'PGY', 'Pringy Haute Savoie', 'OUI', 'NON', 'FRHTK', '87746206', '', ''),
('313 106', '03/04/2013', 'PIQ', 'Picquigny', 'OUI', '', 'FRCQP', '87313106', '', ''),
('481 424', 'Avant Avril 2011', 'PLL', 'Le Pallet', '23/03/2012', 'NON', 'FREGA', '87481424', '', ''),
('694 687', '19/04/2012', 'PLM', 'Paray le Monial', '26/04/2012', 'NON', 'FRPLM', '87694687', '', ''),
('781 062', '11/12/2012', 'PLN', 'Port la Nouvelle', '20/12/2012', '', 'FRILP', '87781062', '', ''),
('473 181', 'Avant Avril 2011', 'PLT', 'Plouaret - Tr', '23/03/2012', 'NON', 'FRPLT', '87473181', '', ''),
('686 006', 'Avant Avril 2011', 'PLY', 'Paris Gare de Lyon', 'OUI', 'OUI', 'FRPLY', '87686006', '', ''),
('192 468', '16/04/2013', 'PMO', 'Pagny-sur-Moselle', 'OUI', '', 'FRBQA', '87192468', '', ''),
('391 003', 'Avant Avril 2011', 'PMP', 'Paris Montparnasse', 'OUI', 'OUI', 'FRPMO', '87391003', '', ''),
('', '11/05/2011', 'PMP_TRANS', 'Paris Montparnasse Transilien', 'OUI', '', '', '', '', ''),
('611 343', '04/04/2013', 'PMS', 'Pamiers', 'NON', '', 'FRPMS', '87611343', '', ''),
('586 438', 'Via WS SUM Sans VaQ Copyright SNCFProximit', 'PNE', 'Penne (Lot-et-Garonne)', '01/01/2013', '', 'FRFFO', '87586438', '', ''),
('721 464', '03/04/2013', 'PNF', 'Pontcharra - Saint-Forgeux', 'OUI', '', 'FRHCS', '87721464', '', ''),
('481 747', 'Via WS SUM Sans VaQ Copyright SNCFProximit', 'PNI', 'Pornichet', '10/05/2012', '', 'FREGR', '87481747', '', ''),
('271 007', 'Avant Avril 2011', 'PNO', 'Paris Nord', 'OUI', 'OUI', 'FRPNO', '87271007', '', ''),
('725 721', '09/04/2013', 'PNX', 'Pontanevaux', 'OUI', '', 'FRHGW', '87725721', '', ''),
('741 470', '21/05/2013', 'POB', 'Pont-de-Beauvoisin', 'OUI', '', 'FRHOQ', '87741470', '', ''),
('761 742', 'Avant Avril 2011', 'POS', 'Poli', '17/02/2012', 'NON', 'FRIFI', '87761742', '', ''),
('784 264', '11/12/2012', 'POV', 'Port Vendres', '20/12/2012', '', 'FRXPV', '87784264', '', ''),
('141 788', '14/05/2013', 'PPE', 'Pompey', 'OUI', '', 'FRATS', '87141788', '', ''),
('611 509', 'Via WS SUM Sans VaQ Copyright SNCFProximit', 'PPM', 'Porte Puymorens', '01/01/2013', '', 'FRFQF', '87611509', '', ''),
('784 009', 'Avant Avril 2011', 'PPN', 'Perpignan', 'OUI', 'OUI', 'FRPGF', '87784009', '', ''),
('722 231', '03/04/2013', 'PRB', 'Pierre-B', 'OUI', '', 'FRHDW', '87722231', '', ''),
('672 337', 'Via WS SUM Sans VaQ Copyright SNCFProximit', 'PRH', 'Peyrehorade', '01/01/2013', '', 'FRGFL', '87672337', '', ''),
('764 308', '05/02/2013', 'PRL', 'Pierrelatte', 'OUI', '', 'FRIHN', '87764308', '', ''),
('313 130', '03/04/2013', 'PRM', 'Pont-Remy', 'OUI', '', 'FRCQS', '87313130', '', ''),
('384 008', 'Avant Avril 2011', 'PSL', 'Paris Saint-Lazare', 'OUI', 'OUI', 'FRPSL', '87384008', '', ''),
('', '19/04/2012', 'PSL_TRANS', 'Paris Saint-Lazare Transilien', 'OUI', '', '', '', '', ''),
('611 400', '29/01/2013', 'PSS', 'Portet Saint-Simon', 'OUI', '', 'FRPSS', '87611400', '', ''),
('575 001', 'Avant Avril 2011', 'PST', 'Poitiers', 'OUI', 'OUI', 'FRPIS', '87575001', '', ''),
('696 211', '04/04/2013', 'PSU', 'Pougues les Eaux', 'NON', '', 'FRGSN', '87696211', '', ''),
('715 003', '02/09/2011', 'PTL', 'Pontarlier', 'OUI', 'OUI', 'FRPTL', '87715003', '', ''),
('672 279', 'Via WS SUM Sans VaQ Copyright SNCFProximit', 'PUO', 'Puyo', '01/01/2013', '', 'FRPUO', '87672279', '', ''),
('444 349', 'Via WS SUM Sans VaQ Copyright SNCFProximit', 'PVQ', 'Pont l''', '01/01/2013', '', 'FRPVQ', '87444349', '', ''),
('276 329', 'Via WS SUM Sans VaQ Copyright SNCFProximit', 'PXE', 'Pont Sainte-Maxence', '01/01/2013', '', 'FRCGC', '87276329', '', ''),
('595 009', 'Avant Avril 2011', 'PXR', 'P', 'OUI', 'OUI', 'FRABF', '87595009', '', ''),
('144 428', '21/05/2013', 'PXX', 'Pouxeux', 'OUI', '', 'FRAYR', '87144428', '', ''),
('696 179', 'Via WS SUM Sans VaQ Copyright SNCFProximit', 'PYL', 'Pouilly sur Loire', '01/01/2013', '', 'FRGSJ', '87696179', '', ''),
('276 410', '21/05/2013', 'PYO', 'Pr', 'OUI', '', 'FRCGK', '87276410', '', ''),
('476 317', 'Via WS SUM Sans VaQ Copyright SNCFProximit', 'QPL', 'Quimperl', '10/05/2012', '', 'FRECO', '87476317', '', ''),
('474 098', 'Avant Avril 2011', 'QPR', 'Quimper', 'OUI', 'OUI', 'FRUIP', '87474098', '', ''),
('476 671', 'Via WS SUM Sans VaQ Copyright SNCFProximit', 'QUE', 'Questembert', '01/01/2013', '', 'FREDF', '87476671', '', ''),
('721 290', '03/04/2013', 'QUX', 'Quincieux', 'OUI', '', 'FRHCK', '87721290', '', ''),
('353 581', '09/04/2013', 'RAM', 'Les Ramassiers', 'OUI', '', 'FRRAR', '87353581', '', ''),
('613 042', 'Via WS SUM Sans VaQ Copyright SNCFProximit', 'RAP', 'Rocamadour-Padirac', '01/01/2013', '', 'FRFSA', '87613042', '', ''),
('747 279', 'Avant Avril 2011', 'RCS', 'R', '17/02/2012', 'NON', 'FRHVN', '87747279', '', ''),
('485 144', '19/04/2012', 'RCT', 'Rochefort', '26/04/2012', 'OUI', 'FRRCO', '87485144', '', ''),
('317 057', 'Via WS SUM VaQ Copyright SNCFProximit', 'RDF', 'Rang du Fliers - Verton - Berck', '10/05/2012', '', 'FRCVU', '87317057', '', ''),
('215 079', '14/05/2013', 'RDG', 'R', 'OUI', '', 'FRBZM', '87215079', '', ''),
('471 300', 'Avant Avril 2011', 'RDN', 'Redon', 'OUI', 'NON', 'FRXRN', '87471300', '', ''),
('613 422', 'Avant Avril 2011', 'RDZ', 'Rodez', 'OUI', 'OUI', 'FRRDZ', '87613422', '', ''),
('746 511', 'Avant Avril 2011', 'REI', 'Reignier', '17/02/2012', 'NON', 'FRHUF', '87746511', '', ''),
('471 003', 'Avant Avril 2011', 'RES', 'Rennes', 'OUI', 'OUI', 'FRRNS', '87471003', '', ''),
('734 749', '02/09/2011', 'RET', 'Retournac', 'OUI', 'NON', 'FRHMS', '87734749', '', ''),
('757 732', '14/05/2013', 'RGN', 'Ranguin', 'OUI', '', 'FRIBM', '87757732', '', ''),
('726 331', '29/01/2013', 'RGR', 'Rive-de-gier', 'OUI', '', 'FRHHQ', '87726331', '', ''),
('721 050', '03/04/2013', 'RGY', 'R', 'OUI', '', 'FRHCG', '87721050', '', ''),
('182 071', '29/05/2013', 'RHE', 'Rixheim', 'OUI', '', 'FRBJB', '87182071', '', ''),
('725 739', '09/04/2013', 'RHR', 'Roman', 'OUI', '', 'FRHGX', '87725739', '', ''),
('734 053', '11/12/2011', 'RIO', 'Riom - Ch', 'OUI', 'OUI', 'FRRIO', '87734053', '', ''),
('747 246', 'Avant Avril 2011', 'RIV', 'Rives', 'OUI', 'NON', 'FRHVM', '87747246', '', ''),
('171 009', 'Avant Avril 2011', 'RMS', 'Reims', 'OUI', 'OUI', 'FRRHE', '87171009', '', ''),
('144 451', '19/04/2012', 'RMT', 'Remiremont', '26/04/2012', 'NON', 'FRRNT', '87144451', '', ''),
('118 158', 'Via WS SUM Sans VaQ Copyright SNCFProximit', 'RMY', 'Romilly sur Seine', '01/01/2013', '', 'FRAPI', '87118158', '', ''),
('726 802', '02/09/2011', 'ROA', 'Roanne', 'OUI', 'NON', 'FRRNE', '87726802', '', ''),
('214 320', '16/04/2013', 'ROH', 'Rosheim', 'OUI', '', 'FRBXX', '87214320', '', ''),
('761 650', '16/04/2013', 'ROM', 'Romans - Bourg-de-P', 'OUI', '', 'FRIFE', '87761650', '', ''),
('491 803', 'Avant Avril 2011', 'ROY', 'Royan', 'OUI', 'NON', 'FRRYN', '87491803', '', ''),
('411 017', 'Avant Avril 2011', 'RRD', 'Rouen Rive Droite', 'OUI', 'NON', 'FRURD', '87411017', '', ''),
('474 155', 'Via WS SUM Sans VaQ Copyright SNCFProximit', 'RSP', 'Rosporden', '10/05/2012', '', 'FRRSP', '87474155', '', ''),
('415 885', '23/04/2013', 'RSS', 'Rosny-sur-Seine', 'OUI', 'Vides', 'FRDQL', '87415885', '', ''),
('396 895', '02/09/2011', 'RTD', 'Clermont La Rotonde', 'OUI', 'NON', 'FRHCL', '87396895', '', ''),
('172 270', '19/04/2012', 'RTL', 'Rethel', '26/04/2012', 'NON', 'FRBDT', '87172270', '', ''),
('317 404', '26/02/2013', 'RUE', 'Rue', 'OUI', '', 'FRRUE', '87317404', '', ''),
('583 849', 'Via WS SUM Sans VaQ Copyright SNCFProximit', 'RUG', 'Ruffec', '10/05/2012', '', '', '87583849', '', ''),
('746 149', '02/09/2011', 'RUM', 'Rumilly', 'OUI', 'NON', 'FRHTE', '87746149', '', ''),
('172 080', '16/04/2013', 'RVI', 'Revin', 'OUI', '', 'FRBDF', '87172080', '', ''),
('784 173', '09/04/2013', 'RVT', 'Rivesaltes', 'OUI', '', 'FRIOF', '87784173', '', ''),
('286 732', 'Via WS SUM VaQ Copyright SNCFProximit', 'RXB', 'Roubaix', 'OUI', '', 'FRADP', '87286732', '', ''),
('734 038', '02/09/2011', 'RYA', 'Royat - Chamalli', 'OUI', 'NON', 'FRHKO', '87734038', '', ''),
('271 494', 'Avant Avril 2011', 'RYT', 'A', 'OUI', 'OUI', 'FRMLW', '87271494', '', ''),
('396 408', 'Via WS SUM Sans VaQ Copyright SNCFProximit', 'SAB', 'Sabl', '10/05/2012', '', 'FRSAB', '87396408', '', ''),
('491 241', 'Via WS SUM Sans VaQ Copyright SNCFProximit', 'SAC', 'Saint-Andr', '01/01/2013', '', 'FREMZ', '87491241', '', ''),
('576 322', 'Via WS SUM VaQ Copyright SNCFProximit', 'SAD', 'Saint-Amand-Montrond - Orval', '01/01/2013', '', 'FREYF', '87576322', '', ''),
('723 494', '02/09/2011', 'SAG', 'Saint-Andr', 'OUI', 'NON', 'FRSAG', '87723494', '', ''),
('751 842', '14/05/2013', 'SAH', 'Sainte-Marthe en Provence', 'OUI', '', 'FRHYH', '87751842', '', ''),
('784 157', '09/04/2013', 'SAL', 'Salses', 'OUI', '', 'FRIOE', '87784157', '', ''),
('543 165', 'Via WS SUM VaQ Copyright SNCFProximit', 'SAP', 'Salbris', '01/01/2013', '', 'FRSAL', '87543165', '', ''),
('723 734', '05/02/2013', 'SAY', 'Saint-Andr', 'OUI', '', 'FRHFO', '87723734', '', ''),
('743 740', '29/10/2013', 'SBB', 'Saint-Rambert-en-Bugey', 'NON', 'NON', 'FRHRE', '87743740', '', ''),
('473 009', 'Avant Avril 2011', 'SBC', 'Saint-Brieuc', 'OUI', 'OUI', 'FRSBK', '87473009', '', ''),
('215 012', '19/04/2012', 'SBG', 'Sarrebourg', '26/04/2012', 'NON', 'FRSBG', '87215012', '', ''),
('721 605', '03/04/2013', 'SBL', 'Sain-Bel', 'OUI', '', 'FRDAG', '87721605', '', ''),
('741 454', '21/05/2013', 'SBR', 'Saint-B', 'OUI', '', 'FRHOO', '87741454', '', ''),
('761 718', 'Avant Avril 2011', 'SCI', 'Saint-Marcellin (Is', '17/02/2012', 'NON', 'FRIFG', '87761718', '', ''),
('726 307', '29/01/2013', 'SCM', 'Saint-Chamond', 'OUI', '', 'FRHHO', '87726307', '', ''),
('141 374', '09/04/2013', 'SCX', 'Saint-Cl', 'OUI', '', 'FRASI', '87141374', '', ''),
('721 340', '03/04/2013', 'SDI', 'Saint-Georges-de-Reneins', 'OUI', '', 'FRHCN', '87721340', '', ''),
('594 572', 'Via WS SUM Sans VaQ Copyright SNCFProximit', 'SDM', 'Saint-Denis pr', '01/01/2013', '', 'FRSDM', '87594572', '', ''),
('444 562', '11/12/2012', 'SDN', 'Surdon', '20/12/2012', '', 'FRSDN', '87444562', '', ''),
('783 431', 'Via WS SUM Sans VaQ Copyright SNCFProximit', 'SDO', 'Saint-Rome de Cernon', '01/01/2013', '', 'FRINN', '87783431', '', ''),
('783 423', 'Via WS SUM Sans VaQ Copyright SNCFProximit', 'SDU', 'Saint-Georges de Luzen', '01/01/2013', '', 'FRINM', '87783423', '', ''),
('175 000', 'Via WS SUM Sans VaQ Copyright SNCFProximit', 'SDZ', 'Saint-Dizier', '01/01/2013', '', 'FRBGJ', '87175000', '', ''),
('726 190', '05/02/2013', 'SEB', 'Saint-', 'OUI', '', 'FRHHI', '87726190', '', ''),
('726 174', '09/04/2013', 'SEC', 'Saint-', 'OUI', '', 'FRHHH', '87726174', '', ''),
('172 254', '19/04/2012', 'SED', 'Sedan', '26/04/2012', 'NON', 'FRXSW', '87172254', '', ''),
('747 352', 'Avant Avril 2011', 'SEG', 'Saint-Egr', '17/02/2012', 'NON', 'FRHVR', '87747352', '', ''),
('726 000', 'Avant Avril 2011', 'SEN', 'Saint-Etienne Ch', 'OUI', 'OUI', 'FRHHD', '87726000', '', ''),
('726 901', '05/02/2013', 'SEO', 'Saint-', 'OUI', '', 'FRHJD', '87726901', '', ''),
('751 800', '14/05/2013', 'SEP', 'Sept', 'OUI', '', 'FRHYF', '87751800', '', ''),
('683 003', '02/09/2011', 'SES', 'Sens', 'OUI', 'NON', 'FRXSF', '87683003', '', ''),
('726 158', '05/02/2013', 'SET', 'Saint-', 'OUI', '', 'FRHHG', '87726158', '', ''),
('182 105', '16/04/2013', 'SEZ', 'Sierentz', 'OUI', '', 'FRBJE', '87182105', '', ''),
('783 175', 'Via WS SUM Sans VaQ Copyright SNCFProximit', 'SFC', 'Saint-Flour Chaudes Aigues', '01/01/2013', '', 'FRIMW', '87783175', '', ''),
('728 501', '03/04/2013', 'SFS', 'Saint-Fons', 'OUI', '', 'FRHJE', '87728501', '', ''),
('576 272', 'Via WS SUM Sans VaQ Copyright SNCFProximit', 'SFT', 'Saint-Florent sur Cher', '01/01/2013', '', 'FREYA', '87576272', '', ''),
('734 301', 'Via WS SUM Sans VaQ Copyright SNCFProximit', 'SGA', 'Saint-Georges d''Aurac', '01/01/2013', '', 'FRSGA', '87734301', '', ''),
('746 479', 'Avant Avril 2011', 'SGB', 'Saint-Gervais les Bains - Le Fayet', 'OUI', 'NON', 'FRXGF', '87746479', '', ''),
('611 137', 'Via WS SUM VaQ Copyright SNCFProximit', 'SGD', 'Saint-Gaudens', '02/09/2011', '', 'FRFPH', '87611137', '', ''),
('485 227', '20/09/2011', 'SGE', 'Surg', 'OUI', 'OUI', 'FREIP', '87485227', '', ''),
('732 206', '02/09/2011', 'SGF', 'Saint-Germain des Foss', 'OUI', 'OUI', 'FRSGF', '87732206', '', ''),
('726 208', '26/02/2013', 'SGL', 'Veauche - Saint-Galmier', 'OUI', '', 'FRHHJ', '87726208', '', ''),
('721 282', '29/01/2013', 'SGO', 'Saint-Germain-au-Mont-d''Or', 'OUI', '', 'FRSGO', '87721282', '', ''),
('193 615', '29/10/2013', 'SGS', 'Sarreguemines', 'NON', 'NON', 'FRSGS', '87193615', '', ''),
('761 684', '02/09/2011', 'SHN', 'Saint-Hilaire - Saint-Nazaire', 'OUI', 'NON', 'FRITY', '87761684', '', ''),
('751 438', '23/04/2013', 'SIE', 'Simiane', 'OUI', '', 'FRHXQ', '87751438', '', ''),
('613 257', 'Via WS SUM Sans VaQ Copyright SNCFProximit', 'SIH', 'Saint-Christophe', '01/01/2013', '', 'FRFST', '87613257', '', ''),
('745 430', '02/09/2011', 'SJG', 'Saint-Julien en Genevois', 'OUI', 'NON', 'FRHSD', '87745430', '', ''),
('713 651', '14/05/2013', 'SJL', 'Saint-Jean-de-Losne - Destinations et Provenances non conformes', 'OUI', '', 'FRSJL', '87713651', '', ''),
('742 320', '02/09/2011', 'SJM', 'Saint-Jean de Maurienne Arvan', 'OUI', 'NON', 'FRHPN', '87742320', '', ''),
('313 270', 'Via WS SUM Sans VaQ Copyright SNCFProximit', 'SJS', 'Saint-Just en Chauss', '01/01/2013', '', 'FRSJS', '87313270', '', ''),
('491 811', 'Via WS SUM Sans VaQ Copyright SNCFProximit', 'SJW', 'Saujon', '01/01/2013', '', 'FRENX', '87491811', '', ''),
('677 120', 'Avant Avril 2011', 'SJZ', 'Saint-Jean de Luz - Ciboure', 'OUI', 'OUI', 'FRXJZ', '87677120', '', ''),
('722 652', '09/05/2012', 'SKR', 'Saint-Clair les Roches', '10/05/2012', 'NON', 'FRHEL', '87722652', '', ''),
('444 695', '11/12/2012', 'SKS', 'S', '20/12/2012', '', 'FRDST', '87444695', '', ''),
('491 001', 'Avant Avril 2011', 'SKW', 'Saintes', 'OUI', 'OUI', 'FRXST', '87491001', '', ''),
('447 003', '16/04/2013', 'SLO', 'Saint-L', 'OUI', '', 'FRSLO', '87447003', '', ''),
('746 438', '02/09/2011', 'SLS', 'Sallanches - Combloux - Meg', 'OUI', 'NON', 'FRXSN', '87746438', '', ''),
('276 402', '21/05/2013', 'SLT', 'Saint-Leu-d''Esserent', 'OUI', '', 'FRCGJ', '87276402', '', ''),
('181 016', '03/04/2013', 'SLU', 'Saint-Louis la Chauss', 'OUI', '', 'FRBIH', '87181016', '', ''),
('742 361', '04/04/2013', 'SMI', 'Saint-Michel - Valloire', '02/09/2011', 'NON', 'FRXVR', '87742361', '', ''),
('478 107', 'Via WS SUM Sans VaQ Copyright SNCFProximit', 'SMP', 'Saint-Malo', '10/05/2012', '', 'FRXSB', '87478107', '', ''),
('491 209', 'Via WS SUM Sans VaQ Copyright SNCFProximit', 'SMS', 'Saint-Mariens-Saint-Yzan', '01/01/2013', '', 'FREMV', '87491209', '', ''),
('353 599', '03/04/2013', 'SMT', 'Saint-Martin du Touch', 'OUI', '', 'FRSMA', '87353599', '', ''),
('485 490', 'Via WS SUM Sans VaQ Copyright SNCFProximit', 'SMX', 'Saint-Maixent', '10/05/2012', '', 'FREJC', '87485490', '', ''),
('723 536', '26/02/2013', 'SMY', 'St Maurice-de-Beynost', 'OUI', '', 'FRHFF', '87723536', '', ''),
('481 705', 'Avant Avril 2011', 'SNA', 'Saint-Nazaire', 'OUI', 'OUI', 'FRSNR', '87481705', '', ''),
('212 225', 'Avant Avril 2011', 'SNE', 'Saverne', 'OUI', 'NON', 'FRSNE', '87212225', '', ''),
('726 851', '03/04/2013', 'SNJ', 'Saint-Jodard', 'OUI', '', 'FRHIZ', '87726851', '', ''),
('721 456', '03/04/2013', 'SNP', 'Saint-Romain-de-Popey', 'OUI', '', 'FRHCR', '87721456', '', ''),
('751 826', '14/05/2013', 'SNT', 'Saint-Antoine', 'OUI', '', 'FRPEJ', '87751826', '', ''),
('481 838', '11/12/2011', 'SNY', 'Savenay', 'OUI', 'NON', 'FRSNY', '87481838', '', ''),
('594 333', 'Via WS SUM VaQ Copyright SNCFProximit', 'SOU', 'Souillac', '01/01/2013', '', 'FRSOU', '87594333', '', ''),
('741 223', '23/04/2013', 'SPA', 'Saint-Pierre-d''Albigny', 'OUI', '', 'FRSPA', '87741223', '', ''),
('571 240', 'Avant Avril 2011', 'SPC', 'Saint-Pierre des Corps', 'OUI', 'OUI', 'FRXSH', '87571240', '', ''),
('444 216', '11/12/2012', 'SPD', 'Saint-Pierre sur Dives', '20/12/2012', '', 'FRDRQ', '87444216', '', ''),
('746 313', 'Avant Avril 2011', 'SPE', 'Saint-Pierre en Faucigny', '17/02/2012', 'NON', 'FRHTT', '87746313', '', ''),
('696 294', '17/01/2012', 'SPM', 'Saint-Pierre le Moutier', 'OUI', 'NON', 'FRGSR', '87696294', '', ''),
('684 217', 'Via WS SUM Sans VaQ Copyright SNCFProximit', 'SPP', 'Souppes-Ch', '01/01/2013', '', 'FRGOC', '87684217', '', ''),
('723 353', '03/04/2013', 'SPR', 'Saint-Priest', 'OUI', '', 'FRHET', '87723353', '', ''),
('342337', '16/08/2011', 'SPT', 'Saint-Pol sur Ternoise', '23/03/2012', 'NON', 'FRSPT', '87342337', '', ''),
('723 387', '05/02/2013', 'SQF', 'Saint-Quentin Fallavier', 'OUI', '', 'FRHEW', '87723387', '', ''),
('212 191', '21/05/2013', 'SQG', 'Strasbourg Roethig', 'OUI', '', 'FRBUK', '87212191', '', ''),
('296 004', 'Avant Avril 2011', 'SQT', 'Saint-Quentin', 'OUI', 'OUI', 'FRXSJ', '87296004', '', ''),
('761 106', '05/02/2013', 'SRA', 'Saint-Rambert d''Albon', 'OUI', '', 'FRIEO', '87761106', '', ''),
('611 368', 'Via WS SUM Sans VaQ Copyright SNCFProximit', 'SRN', 'Saverdun', '01/01/2013', '', 'FRFPU', '87611368', '', ''),
('313 080', '03/04/2013', 'SRO', 'Saint-Roch', 'OUI', '', 'FRSRO', '87313080', '', ''),
('726 430', '03/04/2013', 'SRP', 'Saint-Romain-le-Puy', 'OUI', '', 'FRHHV', '87726430', '', ''),
('757 526', 'Avant Avril 2011', 'SRV', 'Saint-Rapha', 'OUI', 'OUI', 'FRXSK', '87757526', '', ''),
('592 345', 'Via WS SUM Sans VaQ Copyright SNCFProximit', 'SSL', 'Saint-Sulpice Lauri', '02/09/2011', '', 'FRSSL', '87592345', '', ''),
('745 828', '29/10/2013', 'SSS', 'Seyssel - Corbonod', 'NON', 'NON', 'FRHSX', '87745828', '', ''),
('615 344', '29/01/2013', 'SST', 'Saint-Sulpice (Tarn)', 'OUI', '', 'FRSST', '87615344', '', ''),
('144 014', 'Avant Avril 2011', 'STD', 'Saint-Di', 'OUI', 'OUI', 'FRXTD', '87144014', '', ''),
('773 200', 'Avant Avril 2011', 'STE', 'S', 'OUI', 'OUI', 'FRXSY', '87773200', '', ''),
('212 027', 'Avant Avril 2011', 'STG', 'Strasbourg', 'OUI', 'OUI', 'FRAEG', '87212027', '', ''),
('595 249', 'Via WS SUM Sans VaQ Copyright SNCFProximit', 'STK', 'Saint-Astier', '01/01/2013', '', 'FRFLF', '87595249', '', ''),
('182 139', '29/10/2013', 'STL', 'Saint-Louis Haut-Rhin', 'NON', 'NON', 'FRXLI', '87182139', '', ''),
('723 742', '03/04/2013', 'STM', 'Saint-Marcel en Dombes', 'OUI', '', 'FRHFP', '87723742', '', ''),
('281 444', 'Via WS SUM VaQ Copyright SNCFProximit', 'STO', 'Saint-Omer', '10/05/2012', '', 'FRXSG', '87281444', '', ''),
('313 718', '21/05/2013', 'SHS', 'Saint-Omer-en-Chauss', 'NON', '', 'FRXSG', '87313718', '', ''),
('214 056', '19/04/2012', 'STT', 'S', '26/04/2012', 'OUI', 'FRXSQ', '87214056', '', ''),
('487 603', '11/05/2011', 'SUD', 'Saumur', '23/03/2012', 'NON', 'FRACN', '87487603', '', ''),
('761 130', '05/02/2013', 'SUO', 'Saint-Vallier sur Rh', 'OUI', '', 'FRIEQ', '87761130', '', ''),
('741 306', '04/04/2013', 'SVB', 'Saint-Avre - La Chambre', '10/05/2012', '', 'FRHOJ', '87741306', '', ''),
('783 365', 'Via WS SUM Sans VaQ Copyright SNCFProximit', 'SVC', 'S', '01/01/2013', '', 'FRSVC', '87783365', '', ''),
('721 043', '03/04/2013', 'SVH', 'Saint-Victor - Thizy', 'OUI', '', 'FRHCF', '87721043', '', ''),
('723 791', '03/04/2013', 'SVN', 'Servas - Lent', 'OUI', '', 'FRHFT', '87723791', '', ''),
('723 783', '03/04/2013', 'SVX', 'Saint-Paul-de-Varax', 'OUI', '', 'FRHFS', '87723783', '', ''),
('762 906', 'Avant Avril 2011', 'SXA', 'Lyon Saint-Exup', 'OUI', 'OUI', 'FRJDQ', '87762906', '', ''),
('444 315', 'Via WS SUM Sans VaQ Copyright SNCFProximit', 'SYD', 'Serquigny', '01/01/2013', '', 'FRSQY', '87444315', '', ''),
('783 241', '06/04/2013', 'SYH', 'Saint-Ch', 'OUI', '', 'FRINB', '87783241', '', ''),
('723 700', '05/02/2013', 'SYR', 'Sathonay - Rillieux', 'OUI', '', 'FRHFL', '87723700', '', ''),
('696 260', '02/09/2011', 'SZE', 'Saincaize', 'OUI', 'NON', 'FRSZE', '87696260', '', ''),
('722 546', '05/02/2013', 'SZN', 'S', 'OUI', '', 'FRHEH', '87722546', '', ''),
('618 710', 'Via WS SUM Sans VaQ Copyright SNCFProximit', 'SZS', 'Salechan Siradan', '01/01/2013', '', 'FRFXK', '87618710', '', ''),
('761 163', '29/01/2013', 'TAI', 'Tain-l''Hermitage - Tournon', 'OUI', '', 'FRIER', '87761163', '', ''),
('144 097', '29/01/2013', 'TAO', 'Thaon', 'OUI', '', 'FRAXS', '87144097', '', ''),
('721 472', '29/01/2013', 'TAR', 'Tarare', 'OUI', '', 'FRHCT', '87721472', '', ''),
('721 514', '05/02/2013', 'TAS', 'Tassin', 'OUI', '', 'FRTAS', '87721514', '', ''),
('696 161', 'Via WS SUM Sans VaQ Copyright SNCFProximit', 'TAY', 'Tracy-Sancerre', '01/01/2013', '', 'FRGSI', '87696161', '', ''),
('671 008', 'Avant Avril 2011', 'TBS', 'Tarbes', 'OUI', 'OUI', 'FRXTB', '87671008', '', ''),
('765 354', 'Via WS SUM VaQ Copyright SNCFProximit', 'TCN', 'Tarascon-sur-Rh', '01/01/2013', '', 'FRTCN', '87765354', '', ''),
('444 372', 'Avant Avril 2011', 'TDE', 'Trouville - Deauville', 'OUI', 'NON', 'FRTRD', '87444372', '', ''),
('743 757', '29/10/2013', 'TEN', 'Tenay - Hauteville', 'NON', 'NON', 'FRHRF', '87743757', '', ''),
('783 456', 'Via WS SUM Sans VaQ Copyright SNCFProximit', 'TEO', 'Tournemire Roquefort', '01/01/2013', '', 'FRINO', '87783456', '', ''),
('446 179', '29/01/2013', 'TEW', 'Saint-Cyprien Ar', 'OUI', '', 'FRTAR', '87446179', '', ''),
('741 629', '21/05/2013', 'TFF', 'Frontenex', 'OUI', '', 'FRHOW', '87741629', '', ''),
('741 611', '21/05/2013', 'TGG', 'Gr', 'OUI', '', 'FRHOV', '87741611', '', ''),
('142 109', 'Avant Avril 2011', 'TGL', 'Lorraine TGV', 'OUI', 'OUI', 'FREAM', '87142109', '', ''),
('147 322', 'Avant Avril 2011', 'TGM', 'Meuse TGV', 'OUI', 'OUI', 'FREAJ', '87147322', '', ''),
('296 442', '11/12/2012', 'TGR', 'Tergnier', '20/12/2012', '', 'FRTGR', '87296442', '', ''),
('191 007', 'Avant Avril 2011', 'THL', 'Thionville', 'OUI', 'OUI', 'FRXTH', '87191007', '', ''),
('595 579', 'Via WS SUM Sans VaQ Copyright SNCFProximit', 'THN', 'Thenon', '01/01/2013', '', 'FRFLU', '87595579', '', ''),
('745 646', '02/09/2011', 'THO', 'Thonon les Bains', 'OUI', 'NON', 'FRXTS', '87745646', '', ''),
('595 124', 'Via WS SUM Sans VaQ Copyright SNCFProximit', 'TIV', 'Thiviers', '01/01/2013', '', 'FRFKX', '87595124', '', ''),
('182 352', '03/04/2013', 'TKM', 'Turckheim', 'OUI', '', 'FRBJS', '87182352', '', ''),
('761 759', 'Avant Avril 2011', 'TLE', 'Tullins - Fures', '17/02/2012', 'NON', 'FRIFG', '87761759', '', ''),
('755 009', 'Avant Avril 2011', 'TLN', 'Toulon', 'OUI', 'OUI', 'FRTLN', '87755009', '', ''),
('594 408', 'Via WS SUM Sans VaQ Copyright SNCFProximit', 'TOD', 'Terrasson', '01/01/2013', '', 'FRTER', '87594408', '', ''),
('353 573', '09/04/2013', 'TOE', 'Le Toec', 'OUI', '', 'FRTOE', '87353573', '', ''),
('141 044', '19/04/2012', 'TOL', 'Toul', '10/05/2012', 'NON', 'FRTOL', '87141044', '', ''),
('725 622', '19/04/2012', 'TOS', 'Tournus', '26/04/2012', 'NON', 'FRHGQ', '87725622', '', ''),
('118 000', 'Avant Avril 2011', 'TOY', 'Troyes', 'OUI', 'OUI', 'FRQYR', '87118000', '', ''),
('611 590', 'Via WS SUM Sans VaQ Copyright SNCFProximit', 'TRC', 'Tarascon sur Ari', '01/01/2013', '', 'FRFQM', '87611590', '', ''),
('286 542', 'Via WS SUM VaQ Copyright SNCFProximit', 'TRG', 'Tourcoing', 'OUI', '', 'FRADM', '87286542', '', ''),
('571 000', 'Avant Avril 2011', 'TRS', 'Tours', 'OUI', 'NON', 'FRAFW', '87571000', '', ''),
('611 004', 'Avant Avril 2011', 'TSE', 'Toulouse Matabiau', 'OUI', 'OUI', 'FRXYT', '87611004', '', ''),
('721 548', '05/03/2013', 'TSW', 'La Tour-de-Salvagny', 'OUI', '', 'FRHCX', '87721548', '', ''),
('582 643', 'Via WS SUM VaQ Copyright SNCFProximit', 'TTE', 'La Teste', '10/05/2012', '', 'FRFCJ', '87582643', '', ''),
('594 499', 'Via WS SUM VaQ Copyright SNCFProximit', 'TUL', 'Tulle', '01/01/2013', '', 'FRXTU', '87594499', '', ''),
('191 130', 'Via WS SUM Sans VaQ Copyright SNCFProximit', 'UCK', 'Uckange', '01/01/2013', '', 'FRBNR', '87191130', '', ''),
('594 200', '02/09/2011', 'URE', 'Uzerche', 'OUI', 'NON', 'FRAAW', '87594200', '', ''),
('594 093', '11/12/2012', 'USL', 'Ussel', '02/09/2011', '', 'FRUSS', '87594093', '', ''),
('696 351', '14/05/2013', 'VAA', 'Varennes-sur-Allier', 'OUI', '', 'FRGSW', '87696351', '', ''),
('763 029', 'Avant Avril 2011', 'VAL', 'Valence TGV Rh', 'OUI', 'OUI', 'FRVLA', '87763029', '', ''),
('476 606', 'Avant Avril 2011', 'VAN', 'Vannes', 'OUI', 'NON', 'FRVNE', '87476606', '', ''),
('723 577', '05/02/2013', 'VAO', 'La Valbonne', 'OUI', '', 'FRQVI', '87723577', '', ''),
('447 284', '11/12/2012', 'VAS', 'Valognes', '20/12/2012', '', 'FRDTO', '87447284', '', ''),
('761 007', 'Avant Avril 2011', 'VCE', 'Valence', 'OUI', 'OUI', 'FRVAF', '87761007', '', ''),
('393 009', '19/04/2012', 'VCR', 'Versailles Chantiers', '26/04/2012', 'NON', 'FRDHT', '87393009', '', ''),
('144 063', '09/04/2013', 'VCY', 'Vincey', 'OUI', '', 'FRAXP', '87144063', '', ''),
('415 877', 'Avant Avril 2011', 'VDR', 'Val de Reuil', 'OUI', 'NON', 'FRVDR', '87415877', '', ''),
('447 698', '02/09/2011', 'VDS', 'Villedieu les Po', '23/03/2012', 'NON', 'FRDUO', '87447698', '', ''),
('571 216', 'Via WS SUM VaQ Copyright SNCFProximit', 'VDT', 'Vend', 'OUI', '', 'FRESL', '87571216', '', ''),
('741 140', 'Avant Avril 2011', 'VDX', 'Viviers du Lac', '17/02/2012', 'NON', 'FRHNZ', '87741140', '', ''),
('763 300', '11/12/2012', 'VDY', 'Veynes Devoluy', '20/12/2012', '', 'FRVDY', '87763300', '', ''),
('393 595', 'Via WS SUM Sans VaQ Copyright SNCFProximit', 'VEA', 'Verneuil sur Avre', '01/01/2013', '', 'FRDJM', '87393595', '', ''),
('723 395', '29/01/2013', 'VEI', 'La Verpilli', 'OUI', '', 'FRHEX', '87723395', '', ''),
('576 009', 'Avant Avril 2011', 'VER', 'Vierzon', 'OUI', 'OUI', 'FRXVZ', '87576009', '', ''),
('185 009', 'Avant Avril 2011', 'VES', 'Vesoul', 'OUI', 'NON', 'FRXVO', '87185009', '', ''),
('745 414', 'Avant Avril 2011', 'VEY', 'Valleiry', '17/02/2012', 'NON', 'FRHSB', '87745414', '', ''),
('594 218', '02/09/2011', 'VGE', 'Vigeois', 'OUI', 'NON', 'FRFIY', '87594218', '', ''),
('212 118', '14/05/2013', 'VHM', 'Vendenheim', 'OUI', '', 'FRVHM', '87212118', '', ''),
('732 008', 'Avant Avril 2011', 'VHY', 'Vichy', 'OUI', 'OUI', 'FRVHY', '87732008', '', ''),
('773 531', '09/04/2013', 'VIC', 'Vic - Mireval', 'OUI', '', 'FRIJJ', '87773531', '', ''),
('722 587', '09/05/2012', 'VIE', 'Vienne', '10/05/2012', 'NON', 'FRXVI', '87722587', '', ''),
('448 159', '02/09/2011', 'VIR', 'Vire', '23/03/2012', 'NON', 'FRDUX', '87448159', '', ''),
('721 332', '29/01/2013', 'VIS', 'Villefranche-sur-Sa', 'OUI', '', 'FRXVF', '87721332', '', ''),
('723 759', '29/01/2013', 'VLD', 'Villars-les-Dombes', 'OUI', '', 'FRHFQ', '87723759', '', ''),
('775 197', 'Via WS SUM Sans VaQ Copyright SNCFProximit', 'VLF', 'Villefort', '01/01/2013', '', 'FRIJW', '87775197', '', ''),
('641 357', 'Via WS SUM VaQ Copyright SNCFProximit', 'VLL', 'Vallon-en-Sully', '01/01/2013', '', 'FRGAB', '87641357', '', ''),
('773 515', '09/04/2013', 'VLM', 'Villeneuve-l', 'OUI', '', 'FRIJI', '87773515', '', ''),
('761 726', 'Avant Avril 2011', 'VNA', 'Vinay', 'OUI', 'NON', 'FRIFH', '87761726', '', ''),
('722 264', '09/04/2013', 'VNI', 'Vernaison', 'OUI', '', 'FRHDY', '87722264', '', ''),
('415 604', 'Avant Avril 2011', 'VNO', 'Vernon', 'OUI', 'OUI', 'FRDQC', '87415604', '', ''),
('747 287', '02/09/2011', 'VOR', 'Voiron', 'OUI', 'NON', 'FRHVO', '87747287', '', ''),
('741 108', '29/10/2013', 'VOZ', 'Vions - Chanaz', 'NON', 'NON', 'FRHNW', '87741108', '', ''),
('595 892', 'Via WS SUM Sans VaQ Copyright SNCFProximit', 'VPD', 'Villefranche du P', '01/01/2013', '', 'FRFMH', '87595892', '', ''),
('747 337', 'Avant Avril 2011', 'VPE', 'Voreppe', '17/02/2012', 'NON', 'FRHVQ', '87747337', '', ''),
('747 204', 'Avant Avril 2011', 'VRB', 'Virieu sur Bourbre', '17/02/2012', 'NON', 'FRHVI', '87747204', '', ''),
('741 504', '29/10/2013', 'VRU', 'Virieu-le-Grand - Belley', 'NON', 'NON', 'FRHOT', '87741504', '', ''),
('613 893', '21/05/2013', 'VRW', 'Villefranche-de-Rouergue', 'OUI', '', 'FRFUO', '87613893', '', ''),
('172 114', '21/05/2013', 'VRX', 'Vireux-Molhain', 'OUI', '', 'FRBDI', '87172114', '', ''),
('343 004', 'Avant Avril 2011', 'VSN', 'Valenciennes', 'OUI', 'OUI', 'FRXVS', '87343004', '', ''),
('723 320', '05/02/2013', 'VSX', 'V', 'OUI', '', 'FRHER', '87723320', '', ''),
('471 508', '19/04/2012', 'VTE', 'Vitr', '10/05/2012', 'NON', 'FRXVT', '87471508', '', ''),
('481 408', '14/05/2013', 'VTU', 'Vertou', 'OUI', '', 'FREFY', '87481408', '', ''),
('734 426', '26/02/2013', 'VTZ', 'Vertaizon', 'OUI', '', 'FRHLQ', '87734426', '', ''),
('721 266', '05/02/2013', 'VVN', 'Albigny Neuville', 'OUI', '', 'FRHCJ', '87721266', '', ''),
('174 276', '09/05/2012', 'VYF', 'Vitry-le-Fran', '10/05/2012', 'NON', 'FRBFO', '87174276', '', ''),
('775 114', '26/02/2013', 'VZC', 'Verg', 'OUI', '', 'FRIJS', '87775114', '', ''),
('613 661', 'Via WS SUM Sans VaQ Copyright SNCFProximit', 'VZI', 'Viviez-D', '01/01/2013', '', 'FRVZD', '87613661', '', ''),
('182 360', '09/04/2013', 'WAH', 'Walbach', 'OUI', '', 'FRBJT', '87182360', '', ''),
('721 522', '26/02/2013', 'WER', 'Le M', 'OUI', '', 'FRHCV', '87721522', '', ''),
('213 678', '16/04/2013', 'WEY', 'Weyersheim', 'OUI', '', 'FRBWS', '87213678', '', ''),
('182 378', '09/04/2013', 'WIH', 'Wihr-au-Val - Soultzbach', 'OUI', '', 'FRBJU', '87182378', '', ''),
('213 744', '23/04/2013', 'WMG', 'Wingen-sur-Moder', 'OUI', '', 'FRWIM', '87213744', '', ''),
('192 088', '14/05/2013', 'WPY', 'Woippy', 'OUI', '', 'FRBPD', '87192088', '', ''),
('611 301', '11/12/2012', 'XAE', 'Saint-Agne', '20/12/2012', '', 'FRSGN', '87611301', '', ''),
('759 316', '14/05/2013', 'XJC', 'Saint-Joseph le Castellas', 'OUI', '', 'FRPEK', '87759316', '', ''),
('146 217', '03/04/2013', 'XNB', 'Saint-Nabord', 'OUI', '', 'FRBAW', '87146217', '', ''),
('759 290', '14/05/2013', 'XPC', 'Picon Busserine', 'OUI', '', 'FRPEI', '87759290', '', ''),
('354 597', '05/03/2013', 'XTD', 'Saint-S', 'OUI', '', 'FRROD', '87354597', '', ''),
('354 589', '03/04/2013', 'XTX', 'Saint-S', 'OUI', '', 'FRPHT', '87354589', '', ''),
('413 385', 'Via WS SUM Sans VaQ Copyright SNCFProximit', 'YVT', 'Yvetot', '01/01/2013', '', 'FRYVE', '87413385', '', '');

-- --------------------------------------------------------

--
-- Structure de la table `table10`
--

CREATE TABLE IF NOT EXISTS `table10` (
  `COL 1` varchar(8) DEFAULT NULL,
  `COL2` int(8) DEFAULT NULL,
  `COL3` varchar(7) DEFAULT NULL,
  `COL4` varchar(7) DEFAULT NULL,
  `COL5` varchar(10) DEFAULT NULL
) ENGINE=InnoDB DEFAULT CHARSET=utf8;

--
-- Contenu de la table `table10`
--

INSERT INTO `table10` (`COL 1`, `COL2`, `COL3`, `COL4`, `COL5`) VALUES
('FRMLV', 87111849, '632764', '2430346', ''),
('FRXCY', 87116582, '678485', '2449435', ''),
('FRQYR', 87118000, '728299', '2367635', ''),
('FRAPI', 87118158, '702858', '2391510', ''),
('FRAPM', 87118190, '685547', '2389412', ''),
('FRENC', 87141002, '882566', '2417033', ''),
('FRJAM', 87141010, '884730', '2414930', ''),
('FRTOL', 87141044, '859829', '2414451', ''),
('FRFRO', 87141077, '880003', '2424231', ''),
('FRLNE', 87141150, '906908', '2406934', ''),
('FRARS', 87141218, '894750', '2392943', ''),
('FRNCH', 87141291, '848524', '2378447', ''),
('FRASI', 87141374, '915473', '2401062', ''),
('FRASL', 87141408, '922177', '2396987', ''),
('FRASM', 87141416, '925958', '2392854', ''),
('FRATS', 87141788, '878910', '2426152', ''),
('FRATW', 87141820, '872376', '2439990', ''),
('FRXCW', 87142000, '808341', '2349293', ''),
('FRLAG', 87142091, '824976', '2324069', ''),
('FREAM', 87142109, '880681', '2445265', ''),
('FRCCY', 87142125, '832636', '2316909', ''),
('FREPL', 87144006, '905199', '2361187', ''),
('FRXTD', 87144014, '942181', '2374814', ''),
('FRAXP', 87144063, '896411', '2379148', ''),
('FRAXQ', 87144071, '900485', '2375313', ''),
('FRAXR', 87144089, '901549', '2371336', ''),
('FRAXS', 87144097, '902940', '2368486', ''),
('FRCGN', 87144154, '925656', '2365263', ''),
('FRARH', 87144410, '911965', '2355072', ''),
('FRAYR', 87144428, '915989', '2353508', ''),
('FRAYS', 87144436, '917521', '2351717', ''),
('FRRNT', 87144451, '917871', '2343853', ''),
('FRBAW', 87146217, '916396', '2347045', ''),
('FREAJ', 87147322, '814901', '2446269', ''),
('FRRHE', 87171009, '722928', '2474803', ''),
('FRRBO', 87171462, '733583', '2486391', ''),
('FRXEP', 87171553, '718769', '2451055', ''),
('FREAH', 87171926, '720473', '2469471', ''),
('FRXCZ', 87172007, '772248', '2532697', ''),
('FRBCZ', 87172023, '773380', '2537720', ''),
('FRBDA', 87172031, '775058', '2540132', ''),
('FRBDB', 87172049, '774710', '2542916', ''),
('FRBDC', 87172056, '773078', '2543656', ''),
('FRBDD', 87172064, '770586', '2545140', ''),
('FRBDE', 87172072, '769457', '2548667', ''),
('FRBDF', 87172080, '765770', '2551573', ''),
('FRBDG', 87172098, '769149', '2556983', ''),
('FRBDH', 87172106, '769919', '2559851', ''),
('FRBDI', 87172114, '771058', '2567813', ''),
('FRBDJ', 87172122, '773692', '2570211', ''),
('FRBDK', 87172130, '777649', '2574413', ''),
('FRBDP', 87172213, '777546', '2525012', ''),
('FRXSW', 87172254, '787304', '2525090', ''),
('FRBDT', 87172270, '747440', '2502720', ''),
('FRBDZ', 87172353, '804786', '2518302', ''),
('FRBEP', 87172858, '767869', '2550724', ''),
('FRBEQ', 87172874, '771445', '2561234', ''),
('FRXCR', 87174003, '747458', '2441588', ''),
('FRBFO', 87174276, '765670', '2415616', ''),
('FRBFV', 87174409, '744677', '2461078', ''),
('FRBGJ', 87175000, '792433', '2408104', ''),
('FRXBD', 87175042, '808106', '2423210', ''),
('FRBGN', 87175091, '807742', '2386587', ''),
('FRBIH', 87181016, '990285', '2302895', ''),
('FRBIV', 87181222, '972986', '2354387', ''),
('FRBIW', 87181552, '966760', '2353336', ''),
('FRAEJ', 87182014, '973186', '2353357', ''),
('FRAEK', 87182063, '975170', '2316708', ''),
('FRBJB', 87182071, '979931', '2317728', ''),
('FRBJC', 87182089, '980866', '2316560', ''),
('FRBJE', 87182105, '984536', '2307707', ''),
('FRBJF', 87182113, '986832', '2305483', ''),
('FRXLI', 87182139, '992296', '2300908', ''),
('FRBJI', 87182238, '968236', '2303412', ''),
('FRBJR', 87182345, '971150', '2354891', ''),
('FRBJS', 87182352, '968044', '2354512', ''),
('FRBJT', 87182360, '964848', '2351248', ''),
('FRBJU', 87182378, '963147', '2349811', ''),
('FRBJV', 87182386, '960551', '2349138', ''),
('FRMUS', 87182394, '957593', '2348597', ''),
('FRBKK', 87182543, '956479', '2348204', ''),
('FRBKV', 87182659, '955374', '2347334', ''),
('FRBLC', 87182733, '954213', '2346854', ''),
('FRBLF', 87182816, '953212', '2345520', ''),
('FRBOR', 87184002, '939318', '2302383', ''),
('FRXMF', 87184523, '936132', '2288539', ''),
('FRXVO', 87185009, '886694', '2297874', ''),
('FRLUR', 87185249, '911895', '2306439', ''),
('FRXTH', 87191007, '878566', '2490833', ''),
('FRBNP', 87191106, '878563', '2475376', ''),
('FRHGD', 87191114, '878785', '2479687', ''),
('FRBNR', 87191130, '877948', '2485165', ''),
('FRBNT', 87191239, '871740', '2487884', ''),
('FRADE', 87192039, '880499', '2463722', ''),
('FRBPD', 87192088, '878720', '2467933', ''),
('FRBQA', 87192468, '870054', '2449357', ''),
('FRBQT', 87193003, '932853', '2475407', ''),
('FRSGS', 87193615, '945542', '2467000', ''),
('FRLWY', 87194001, '848786', '2507182', ''),
('FRBTI', 87194209, '819882', '2507085', ''),
('FRLGN', 87194274, '837159', '2499030', ''),
('FRCLV', 87208553, '786160', '2090337', ''),
('FRAEG', 87212027, '998169', '2412168', ''),
('FRBUB', 87212100, '996660', '2418745', ''),
('FRVHM', 87212118, '996235', '2421038', ''),
('FRBUF', 87212134, '994456', '2428409', ''),
('FRMOH', 87212142, '990000', '2430674', ''),
('FRBUH', 87212167, '984878', '2430255', ''),
('FRBUJ', 87212183, '977030', '2429358', ''),
('FRBUK', 87212191, '995050', '2409449', ''),
('FRSNE', 87212225, '969525', '2428034', ''),
('FRBUN', 87212241, '995190', '2406148', ''),
('FRBUO', 87212258, '994932', '2404803', ''),
('FRBUP', 87212266, '994239', '2401399', ''),
('FRBUQ', 87212274, '993548', '2398103', ''),
('FRHAG', 87213058, '999882', '2437754', ''),
('FROBM', 87213165, '982397', '2439809', ''),
('FRBWP', 87213603, '1003096', '2434454', ''),
('FRBWQ', 87213611, '1005308', '2432788', ''),
('FRBWR', 87213660, '1002655', '2429962', ''),
('FRBWS', 87213678, '1001669', '2427210', ''),
('FRBWT', 87213686, '1000487', '2425468', ''),
('FRWIM', 87213744, '969633', '2447622', ''),
('FRBWZ', 87213785, '977048', '2442784', ''),
('FRXSQ', 87214056, '978982', '2374637', ''),
('FRBXI', 87214106, '982425', '2380442', ''),
('FRBXJ', 87214114, '985225', '2383836', ''),
('FRBXK', 87214122, '988597', '2387948', ''),
('FRBXL', 87214130, '991018', '2390896', ''),
('FRBXM', 87214148, '992245', '2393685', ''),
('FRBXR', 87214247, '978956', '2390646', ''),
('FRBXS', 87214254, '979574', '2391788', ''),
('FRBXT', 87214270, '980382', '2394002', ''),
('FRBXU', 87214288, '980904', '2397319', ''),
('FRBXV', 87214296, '981374', '2400087', ''),
('FRBXX', 87214320, '980750', '2402075', ''),
('FRBXY', 87214338, '980755', '2404255', ''),
('FRBYK', 87214502, '994164', '2409032', ''),
('FRBYL', 87214510, '993052', '2408535', ''),
('FRBYM', 87214528, '990529', '2407377', ''),
('FRBYN', 87214536, '987689', '2406848', ''),
('FRBYO', 87214544, '985999', '2406913', ''),
('FRBYP', 87214551, '983574', '2406479', ''),
('FRMOL', 87214577, '981203', '2405676', ''),
('FRBYQ', 87214585, '978402', '2405123', ''),
('FRSBG', 87215012, '946857', '2425900', ''),
('FRBZM', 87215079, '950012', '2426635', ''),
('FRLLE', 87223263, '652410', '2627423', ''),
('FRPNO', 87271007, '601349', '2431315', ''),
('FRMLW', 87271494, '617211', '2445125', ''),
('FRCSF', 87276006, '609665', '2474016', ''),
('FRCGC', 87276329, '619385', '2479162', ''),
('FRCGJ', 87276402, '605954', '2468490', ''),
('FRCGK', 87276410, '602907', '2467271', ''),
('FRCGM', 87276444, '601899', '2463271', ''),
('FRXCP', 87276691, '635365', '2491732', ''),
('FRCHT', 87276782, '648499', '2509122', ''),
('FRADI', 87281006, '602284', '2670846', ''),
('FRSTH', 87281071, '562944', '2656562', ''),
('FRXSG', 87281444, '595076', '2639987', ''),
('FRHTF', 87282624, '794909', '2085869', ''),
('FRADJ', 87286005, '652078', '2627125', ''),
('FRHZK', 87286302, '614512', '2636806', ''),
('FRDON', 87286435, '641052', '2617615', ''),
('FRADM', 87286542, '658859', '2636171', ''),
('FRCKH', 87286716, '656785', '2631892', ''),
('FRADP', 87286732, '658531', '2633784', ''),
('FRXME', 87295006, '716392', '2587585', ''),
('FRCMA', 87295014, '724900', '2590364', ''),
('FRHIR', 87295063, '725696', '2547867', ''),
('FRCMG', 87295220, '686256', '2566834', ''),
('FRXOY', 87295600, '707759', '2579001', ''),
('FRXSJ', 87296004, '669177', '2538589', ''),
('FRDKM', 87296012, '693251', '2508923', ''),
('FRBSY', 87296244, '679624', '2560946', ''),
('FRTGR', 87296442, '669444', '2518459', ''),
('FRCOA', 87296616, '664106', '2512935', ''),
('FRTJA', 87300822, '942990', '2297402', ''),
('FRTJB', 87300863, '873488', '2262710', ''),
('FRCQL', 87313049, '601133', '2540775', ''),
('FRSRO', 87313080, '596203', '2544116', ''),
('FRAIS', 87313098, '590226', '2548013', ''),
('FRCQP', 87313106, '586046', '2550040', ''),
('FRCQQ', 87313114, '580520', '2554104', ''),
('FRCQR', 87313122, '576045', '2557299', ''),
('FRCQS', 87313130, '568620', '2561346', ''),
('FRSJS', 87313270, '606723', '2500698', ''),
('FRCQZ', 87313304, '605865', '2487543', ''),
('FRCSD', 87313692, '576402', '2499013', ''),
('FRCSE', 87313700, '574779', '2500792', ''),
('FRXSG', 87313718, '575445', '2503814', ''),
('FRCSH', 87313726, '572354', '2508285', ''),
('FRCSI', 87313734, '571228', '2518125', ''),
('FRCSJ', 87313742, '563456', '2517607', ''),
('FRABT', 87313759, '559375', '2521123', ''),
('FRQAM', 87313874, '597957', '2543793', ''),
('FRTHP', 87313882, '635652', '2540415', ''),
('FRCTM', 87316075, '592398', '2546473', ''),
('FRCVU', 87317057, '550978', '2602531', ''),
('FRETA', 87317065, '550680', '2613781', ''),
('FRAEA', 87317263, '565781', '2662365', ''),
('FRXAB', 87317362, '563312', '2567490', ''),
('', 87317396, '554789', '2577038', ''),
('FRRUE', 87317404, '552805', '2586622', ''),
('FRCWV', 87317529, '531131', '2563394', ''),
('FRAEB', 87317586, '548562', '2635971', ''),
('FRAVG', 87318964, '796918', '1883116', ''),
('FRAIE', 87319012, '841563', '1832693', ''),
('FRTGO', 87324095, '450168', '2187448', ''),
('FRKRI', 87338525, '999541', '2409925', ''),
('FRXBH', 87342006, '621597', '2614130', ''),
('FRQRV', 87342014, '631745', '2588030', ''),
('FRSPT', 87342337, '600178', '2598229', ''),
('FRXVS', 87343004, '684160', '2597088', ''),
('FRXDN', 87345009, '653703', '2597654', ''),
('FRXLE', 87345025, '635008', '2603646', ''),
('FRAFX', 87345520, '664733', '2576033', ''),
('FRDAZ', 87345561, '676889', '2568921', ''),
('FRTOE', 87353573, '524375', '1844181', ''),
('FRRAR', 87353581, '520469', '1844992', ''),
('FRSMA', 87353599, '521956', '1844687', ''),
('FRPHT', 87354589, '308638', '2252375', ''),
('FRROD', 87354597, '309708', '2250486', ''),
('FRDCP', 87381244, '559807', '2476526', ''),
('FRMTE', 87381509, '553629', '2443692', ''),
('FRDDK', 87381590, '554527', '2443009', ''),
('FRDDM', 87381624, '541716', '2438619', ''),
('FRPSL', 87384008, '599114', '2431062', ''),
('FRMUB', 87386540, '958979', '2348770', ''),
('FRDGF', 87386730, '564248', '2441642', ''),
('FRDGG', 87386763, '561370', '2440697', ''),
('FREVX', 87387001, '513153', '2447374', ''),
('FRBUE', 87387092, '534543', '2436689', ''),
('FRDGP', 87387159, '497606', '2441373', ''),
('FRDGR', 87387183, '485668', '2454046', ''),
('FRPMO', 87391003, '598780', '2426919', ''),
('FRDHT', 87393009, '585222', '2421924', ''),
('FRXDR', 87393488, '528881', '2415213', ''),
('FRDJM', 87393595, '496453', '2416955', ''),
('FRDJU', 87393702, '594484', '2414171', ''),
('FRQTJ', 87394007, '536694', '2383602', ''),
('FRAET', 87396002, '439965', '2335108', ''),
('FRSAB', 87396408, '399529', '2319232', ''),
('FRDMM', 87396564, '445200', '2315940', ''),
('FRCDL', 87396606, '455743', '2299962', ''),
('FRHCL', 87396895, '658708', '2085600', ''),
('FRMSE', 87401323, '974629', '1857560', ''),
('FRBIU', 87402297, '972112', '2354798', ''),
('FRURD', 87411017, '509832', '2495344', ''),
('FROIL', 87411207, '510203', '2483538', ''),
('FRAEZ', 87413013, '439631', '2501745', ''),
('FRBTB', 87413344, '461125', '2513536', ''),
('FRYVE', 87413385, '485251', '2515060', ''),
('FRAFD', 87415018, '509727', '2547935', ''),
('FRDQC', 87415604, '537281', '2455154', ''),
('FRCOA', 87415620, '528200', '2464537', ''),
('FRVDR', 87415877, '519026', '2475876', ''),
('FRDQL', 87415885, '548315', '2444570', ''),
('FRDQM', 87415893, '544763', '2449214', ''),
('FRLEY', 87417501, '878297', '2032267', ''),
('FRHBO', 87439554, '835123', '1831042', ''),
('FRCFR', 87444000, '404136', '2467647', ''),
('FRBYX', 87444067, '379054', '2478907', ''),
('FRDRM', 87444083, '365458', '2477162', ''),
('FRMEZ', 87444208, '423707', '2455245', ''),
('FRDRQ', 87444216, '425990', '2449806', ''),
('FRXLX', 87444265, '446317', '2461986', ''),
('FRXBX', 87444299, '472769', '2455743', ''),
('FRSQY', 87444315, '481867', '2457851', ''),
('FRPVQ', 87444349, '443873', '2478728', ''),
('FRTRD', 87444372, '436304', '2486899', ''),
('FRART', 87444539, '426194', '2418165', ''),
('FRSDN', 87444562, '437723', '2409643', ''),
('FRDSQ', 87444638, '473818', '2420070', ''),
('FRDST', 87444695, '439880', '2402378', ''),
('FRXAN', 87444711, '434407', '2384019', ''),
('FRACK', 87444877, '313878', '2522377', ''),
('FRTAR', 87446179, '525596', '1843971', ''),
('FRSLO', 87447003, '348951', '2463043', ''),
('FRDTC', 87447110, '323735', '2456058', ''),
('', 87447219, '353192', '2475242', ''),
('FRDTK', 87447243, '339602', '2484173', ''),
('FRDTO', 87447284, '323381', '2507625', ''),
('FRFOL', 87447649, '325151', '2432190', ''),
('FRGFR', 87447680, '311970', '2433913', ''),
('FRDUO', 87447698, '338454', '2432128', ''),
('', 87448001, '385918', '2420175', ''),
('', 87448084, '400921', '2414922', ''),
('FRDUX', 87448159, '363628', '2432400', ''),
('FRRNS', 87471003, '301524', '2352542', ''),
('FRXRN', 87471300, '267789', '2304049', ''),
('FRXVT', 87471508, '335870', '2352994', ''),
('FRSBK', 87473009, '223150', '2402066', ''),
('FRLAM', 87473108, '241602', '2396293', ''),
('FRPLT', 87473181, '172247', '2416639', ''),
('FRGGP', 87473207, '195703', '2409303', ''),
('FRLAI', 87473223, '173689', '2430004', ''),
('FRBES', 87474007, '95718', '2398457', ''),
('FRUIP', 87474098, '120698', '2352437', ''),
('FRRSP', 87474155, '139693', '2347066', ''),
('FRXLD', 87474239, '112770', '2404339', ''),
('FRMXN', 87474338, '145081', '2415565', ''),
('FRLRT', 87476002, '172777', '2321704', ''),
('FRXUY', 87476200, '199612', '2311455', ''),
('FRECK', 87476259, '179159', '2326118', ''),
('FRECO', 87476317, '159767', '2335360', ''),
('FRVNE', 87476606, '218046', '2308574', ''),
('FREDF', 87476671, '240868', '2309122', ''),
('FRDOL', 87478073, '298252', '2401654', ''),
('FRXSB', 87478107, '280143', '2414176', ''),
('FRACR', 87478404, '369221', '2346444', ''),
('FRNTE', 87481002, '306365', '2253664', ''),
('FREFN', 87481192, '334683', '2269242', ''),
('FRCLS', 87481390, '279189', '2213495', ''),
('FREFY', 87481408, '311030', '2249942', ''),
('FREFZ', 87481416, '317391', '2246910', ''),
('FREGA', 87481424, '320739', '2244772', ''),
('FRCLI', 87481440, '325026', '2238136', ''),
('FRSNR', 87481705, '256200', '2264034', ''),
('FREGR', 87481747, '246001', '2262853', ''),
('FRJEE', 87481754, '242762', '2265067', ''),
('FREGS', 87481762, '239404', '2264591', ''),
('FREGU', 87481788, '233857', '2265751', ''),
('FRSNY', 87481838, '276276', '2270930', ''),
('FRPCT', 87481846, '266389', '2280028', ''),
('FRACL', 87484006, '381908', '2277883', ''),
('FREHH', 87484204, '367305', '2264929', ''),
('FREHK', 87484246, '367642', '2250964', ''),
('FRCET', 87484303, '356546', '2234512', ''),
('FRLPO', 87484337, '371355', '2267941', ''),
('FRLRH', 87485003, '331130', '2134017', ''),
('FREIL', 87485110, '334945', '2125601', ''),
('FRRCO', 87485144, '344180', '2110615', ''),
('FREIP', 87485227, '360530', '2128415', ''),
('FRNIT', 87485300, '385115', '2150398', ''),
('FREJC', 87485490, '404906', '2159398', ''),
('FRXRO', 87486019, '311493', '2192708', ''),
('FRLCN', 87486258, '330962', '2168628', ''),
('FRLSO', 87486449, '284092', '2174938', ''),
('FRACN', 87487603, '417825', '2254929', ''),
('FRXST', 87491001, '370169', '2087380', ''),
('FREMR', 87491142, '382608', '2052542', ''),
('FREMV', 87491209, '385387', '2019116', ''),
('FREMZ', 87491241, '380969', '2002818', ''),
('FRCNG', 87491449, '392593', '2079528', ''),
('FRRYN', 87491803, '338516', '2075043', ''),
('FRENX', 87491811, '345457', '2079371', ''),
('FRAFK', 87543009, '567720', '2323290', ''),
('FRLAB', 87543017, '567831', '2325376', ''),
('FRSAL', 87543165, '578212', '2269538', ''),
('FRJSY', 87545244, '603440', '2410102', ''),
('FRPAZ', 87547000, '602169', '2427033', ''),
('FRNLB', 87559070, '662889', '2223325', ''),
('FRTKN', 87562421, '664126', '2088319', ''),
('FRHCY', 87566919, '782210', '2093402', ''),
('FRAFW', 87571000, '475967', '2266868', ''),
('FRESL', 87571216, '501389', '2314262', ''),
('FRXSH', 87571240, '478339', '2266365', ''),
('FRXBQ', 87574004, '523820', '2287809', ''),
('FREUC', 87574137, '551738', '2314698', ''),
('FREUE', 87574160, '546745', '2309009', ''),
('FREUL', 87574319, '513289', '2277560', ''),
('FRXAM', 87574343, '497745', '2269968', ''),
('FRPIS', 87575001, '446475', '2177753', ''),
('FRXCX', 87575142, '463660', '2203631', ''),
('FRXVZ', 87576009, '579046', '2247454', ''),
('FRBOU', 87576207, '604380', '2232698', ''),
('FREYA', 87576272, '593582', '2221364', ''),
('FREYC', 87576298, '597993', '2206307', ''),
('FREYF', 87576322, '611429', '2191849', ''),
('FRBOJ', 87581009, '371173', '1984856', ''),
('FRFAC', 87582478, '337889', '1965132', ''),
('FRFCJ', 87582643, '323851', '1965680', ''),
('FRQNJ', 87582668, '322184', '1968198', ''),
('FRANG', 87583005, '430710', '2074961', ''),
('', 87583849, '433848', '2116749', ''),
('FRXLR', 87584052, '396788', '1993904', ''),
('FRCOU', 87584516, '405495', '2007058', ''),
('FRAGF', 87586008, '462764', '1913359', ''),
('FRFFO', 87586438, '477713', '1932166', ''),
('FRMLS', 87586453, '488952', '1943809', ''),
('FRXMR', 87586545, '427459', '1947058', ''),
('FRAGQ', 87592006, '516941', '2093446', ''),
('FRSSL', 87592345, '533421', '2116660', ''),
('FRLST', 87592345, '', '', ''),
('FRBVE', 87594002, '536449', '2017215', ''),
('FRUSS', 87594093, '598273', '2061882', ''),
('FRFIP', 87594119, '564232', '2036643', ''),
('FRFIU', 87594168, '578747', '2044688', ''),
('FRAAW', 87594200, '540034', '2049202', ''),
('FRFIY', 87594218, '535655', '2042828', ''),
('FRALC', 87594234, '532222', '2029089', ''),
('FRMYC', 87594275, '586510', '2058886', ''),
('FRSOU', 87594333, '531153', '1989452', ''),
('FRFJK', 87594382, '512657', '2014632', ''),
('FRTER', 87594408, '518482', '2015549', ''),
('FRXTU', 87594499, '554455', '2028856', ''),
('FRSDM', 87594572, '547081', '1994127', ''),
('FRFKP', 87594820, '537882', '2059838', ''),
('FRABF', 87595009, '471922', '2022063', ''),
('FRFKX', 87595124, '489219', '2047499', ''),
('FRFLF', 87595249, '457309', '2017029', ''),
('FRFLJ', 87595298, '443742', '2005721', ''),
('FRFLL', 87595322, '428311', '2003005', ''),
('FRNEC', 87595512, '479750', '2016460', ''),
('FRFLU', 87595579, '500282', '2018528', ''),
('FRFMH', 87595892, '497784', '1959292', ''),
('FRCHR', 87597005, '551381', '2201295', ''),
('FRFMN', 87597062, '573235', '2216500', ''),
('FRFMT', 87597120, '537299', '2177238', ''),
('FRXGT', 87597609, '564684', '2130545', ''),
('FRXYT', 87611004, '528618', '1845908', ''),
('FRFOZ', 87611038, '517948', '1829715', ''),
('FRFPB', 87611061, '508634', '1811302', ''),
('FRFPC', 87611079, '497938', '1801970', ''),
('FRBSS', 87611095, '488918', '1798383', ''),
('FRFPH', 87611137, '468920', '1790482', ''),
('FRMTJ', 87611152, '456155', '1787761', ''),
('FRFPK', 87611178, '459027', '1781359', ''),
('FRFPM', 87611194, '462148', '1769535', ''),
('FRXLH', 87611236, '457345', '1756469', ''),
('FRXMW', 87611244, '520166', '1890863', ''),
('FRSGN', 87611301, '528254', '1842329', ''),
('FRPMS', 87611343, '541488', '1790657', ''),
('FRFPU', 87611368, '537661', '1804411', ''),
('FRFPW', 87611384, '529513', '1816673', ''),
('FRPSS', 87611400, '524659', '1836976', ''),
('FRFQB', 87611467, '518898', '1845169', ''),
('FRXTE', 87611483, '564475', '1717222', ''),
('FRFQF', 87611509, '557854', '1726239', ''),
('FRFQG', 87611517, '555723', '1731780', ''),
('FRFQH', 87611525, '558892', '1739587', ''),
('FRXLT', 87611533, '558684', '1746952', ''),
('FRFQI', 87611558, '552136', '1751411', ''),
('FRFQK', 87611574, '546662', '1753914', ''),
('FRFQM', 87611590, '539663', '1760981', ''),
('FRXFX', 87611616, '540390', '1774317', ''),
('FRAUH', 87611749, '459401', '1851030', ''),
('FRFRB', 87611772, '481298', '1849033', ''),
('FRFRD', 87611806, '499215', '1846959', ''),
('FRFRE', 87611814, '504185', '1849030', ''),
('FRFRF', 87611822, '511142', '1846476', ''),
('FRFRG', 87611830, '515361', '1847167', ''),
('FRFRP', 87611921, '517338', '1846597', ''),
('FRFRQ', 87611939, '522974', '1844312', ''),
('FRZAO', 87613000, '528046', '1939094', ''),
('FRFSA', 87613042, '546260', '1979916', ''),
('FRFSB', 87613059, '551359', '1974935', ''),
('FRFSD', 87613075, '562965', '1963859', ''),
('', 87613091, '576210', '1955891', ''),
('FRCDC', 87613109, '579523', '1953004', ''),
('FRFSI', 87613141, '524938', '1971685', ''),
('FRFSQ', 87613224, '592284', '1947382', ''),
('FRFSR', 87613232, '594766', '1946902', ''),
('FRFST', 87613257, '605648', '1940411', ''),
('FRFTA', 87613356, '535703', '1907110', ''),
('FRRDZ', 87613422, '619441', '1929092', ''),
('FRVZD', 87613661, '590576', '1950685', ''),
('FRFUO', 87613893, '576062', '1927443', ''),
('FRAFJ', 87615005, '584086', '1880077', ''),
('FRCTY', 87615039, '568666', '1812333', ''),
('FRFUT', 87615054, '582343', '1804608', ''),
('FRFUX', 87615112, '635279', '1799813', ''),
('FRAMA', 87615195, '584294', '1881841', ''),
('FRCCF', 87615286, '601246', '1801691', ''),
('FRSST', 87615344, '547159', '1863967', ''),
('FRMZQ', 87615468, '591323', '1843987', ''),
('FRFWA', 87615625, '585225', '1894197', ''),
('FRFXK', 87618710, '460621', '1774851', ''),
('FRMCU', 87641001, '620006', '2148673', ''),
('FREYG', 87641241, '609701', '2071671', ''),
('FRLAQ', 87641274, '628720', '2071911', ''),
('FRGAB', 87641357, '621037', '2170752', ''),
('FRGAG', 87641415, '631085', '2143976', ''),
('FRAUR', 87645002, '607819', '1991148', ''),
('FRGCG', 87645481, '641961', '2012196', ''),
('FRNEU', 87645507, '650569', '2014073', ''),
('FRXTB', 87671008, '415553', '1806811', ''),
('FRXMJ', 87671016, '371429', '1880096', ''),
('FRLNZ', 87671123, '441095', '1792153', ''),
('FRLDE', 87671339, '406007', '1791574', ''),
('FRAEE', 87672006, '380045', '1813710', ''),
('FRGFB', 87672139, '390035', '1801143', ''),
('FRGFI', 87672253, '348560', '1836303', ''),
('FRPUO', 87672279, '337150', '1841261', ''),
('FRGFL', 87672337, '320682', '1844446', ''),
('FRXBY', 87673004, '291744', '1840213', ''),
('FRMCX', 87673103, '339681', '1897851', ''),
('FRACG', 87673202, '326809', '1863545', ''),
('FRBIQ', 87673400, '285421', '1836358', ''),
('FRGHG', 87673459, '280057', '1832843', ''),
('FRAEF', 87677005, '265708', '1825509', ''),
('FRGJU', 87677104, '267222', '1827329', ''),
('FRXJZ', 87677120, '275683', '1828654', ''),
('FRMEL', 87682005, '623561', '2392141', ''),
('FRMOR', 87682278, '634308', '2375599', ''),
('FRMTU', 87682302, '644931', '2375830', ''),
('FRXSF', 87683003, '669207', '2355847', ''),
('FRGMU', 87683243, '678882', '2331034', ''),
('FRISI', 87683268, '687862', '2329718', ''),
('FRASG', 87683573, '693565', '2311651', ''),
('FRGNX', 87684001, '630331', '2334291', ''),
('FRGOA', 87684126, '625925', '2363266', ''),
('FRGOC', 87684217, '629649', '2353725', ''),
('FRGOG', 87684274, '630020', '2317128', ''),
('FRGOH', 87684290, '622535', '2299975', ''),
('FRPLY', 87686006, '602714', '2427397', ''),
('FRPBE', 87686667, '603400', '2426762', ''),
('FRXCC', 87694109, '765177', '2198421', ''),
('FRMCH', 87694307, '763827', '2197700', ''),
('FRPLM', 87694687, '736521', '2162340', ''),
('FRNVS', 87696005, '661907', '2221172', ''),
('FRGSC', 87696088, '629840', '2294183', ''),
('FRGSH', 87696146, '644942', '2268432', ''),
('FRGSI', 87696161, '641109', '2259831', ''),
('FRGSJ', 87696179, '647623', '2253794', ''),
('FRGSL', 87696195, '652105', '2242584', ''),
('FRGSN', 87696211, '657507', '2231070', ''),
('FRGSO', 87696229, '657073', '2224647', ''),
('FRSZE', 87696260, '655999', '2214870', ''),
('FRGSR', 87696294, '659178', '2199549', ''),
('FRXMU', 87696328, '676836', '2173970', ''),
('FRGSU', 87696336, '678680', '2160829', ''),
('FRGSW', 87696351, '681451', '2146694', ''),
('FRGTH', 87696484, '686249', '2204775', ''),
('', 87710731, '0', '0', ''),
('FRGVW', 87713008, '805441', '2261671', ''),
('FRABA', 87713040, '803355', '2261667', ''),
('FRGWC', 87713115, '760050', '2284800', ''),
('FRGWE', 87713131, '750301', '2292930', ''),
('FRGWP', 87713313, '818522', '2253407', ''),
('FRGWS', 87713347, '830346', '2248135', ''),
('FRACE', 87713412, '839172', '2237719', ''),
('FRGXC', 87713529, '798701', '2240072', ''),
('FRXBV', 87713545, '790911', '2227839', ''),
('FRCGY', 87713578, '783799', '2214767', ''),
('FRSJL', 87713651, '820671', '2237411', ''),
('FRGYB', 87713859, '810325', '2283805', ''),
('FRPTL', 87715003, '905900', '2219046', ''),
('FRFRA', 87715136, '891246', '2213470', ''),
('FRGZG', 87715441, '882774', '2176218', ''),
('FRABG', 87718007, '878875', '2256235', ''),
('FRXLL', 87718239, '845882', '2190404', ''),
('FRMCD', 87718833, '863396', '2225461', ''),
('FRHCD', 87721001, '791873', '2089659', ''),
('FRHCE', 87721035, '754228', '2109814', ''),
('FRHCF', 87721043, '750610', '2113235', ''),
('FRHCG', 87721050, '745536', '2111460', ''),
('FRLSP', 87721159, '793699', '2088153', ''),
('FRLYL', 87721175, '791975', '2088098', ''),
('FRCOF', 87721225, '795012', '2095204', ''),
('FRHCI', 87721241, '793611', '2097338', ''),
('FRHCJ', 87721266, '793777', '2100252', ''),
('FRSGO', 87721282, '791505', '2101691', ''),
('FRHCK', 87721290, '789455', '2103680', ''),
('FRHCM', 87721324, '784783', '2107143', ''),
('FRXVF', 87721332, '784714', '2112157', ''),
('FRHCN', 87721340, '784303', '2120790', ''),
('FRHCO', 87721357, '784917', '2126341', ''),
('FRHCQ', 87721415, '785439', '2099815', ''),
('FRLOZ', 87721423, '782098', '2097588', ''),
('FRLBL', 87721431, '777257', '2095123', ''),
('FRGRQ', 87721449, '788418', '2093461', ''),
('FRHCR', 87721456, '771268', '2098097', ''),
('FRHCS', 87721464, '767398', '2099099', ''),
('FRHCT', 87721472, '763174', '2101017', ''),
('FRGSP', 87721480, '788394', '2091397', ''),
('FRHCU', 87721506, '790016', '2087996', ''),
('FRTAS', 87721514, '788403', '2087481', ''),
('FRHCV', 87721522, '787578', '2088268', ''),
('FRHCW', 87721530, '786565', '2089719', ''),
('FRHCX', 87721548, '784973', '2091663', ''),
('FRHCY', 87721555, '781084', '2093949', ''),
('FRHCZ', 87721563, '780507', '2096497', ''),
('FRDAG', 87721605, '776009', '2092620', ''),
('FRHDB', 87721704, '787986', '2089225', ''),
('FRHDE', 87721738, '786058', '2097009', ''),
('FRHDF', 87721746, '784937', '2098236', ''),
('FRLPE', 87722025, '793671', '2086196', ''),
('FRHDV', 87722207, '792799', '2082690', ''),
('FRHDW', 87722231, '793758', '2081574', ''),
('FRHDY', 87722264, '793061', '2074739', ''),
('FRHEB', 87722298, '791859', '2070432', ''),
('FRHEE', 87722405, '789603', '2067928', ''),
('FRAEO', 87722439, '790055', '2069091', ''),
('FRHEG', 87722538, '796090', '2077087', ''),
('FRHEH', 87722546, '793497', '2072699', ''),
('FRCSR', 87722561, '791845', '2067667', ''),
('FRHEJ', 87722579, '797723', '2063169', ''),
('FRXVI', 87722587, '798263', '2061067', ''),
('FRHEL', 87722652, '790353', '2052940', ''),
('FRHEN', 87722678, '792621', '2044255', ''),
('FRDAD', 87722702, '789304', '2084502', ''),
('FRCRR', 87722710, '789052', '2080458', ''),
('FRHEP', 87722728, '789103', '2077748', ''),
('FRCBY', 87722744, '789460', '2086449', ''),
('FRLPD', 87723197, '796248', '2087623', ''),
('FRHER', 87723320, '798664', '2081587', ''),
('FRHET', 87723353, '802342', '2079599', ''),
('FRHEW', 87723387, '815428', '2074648', ''),
('FRHEX', 87723395, '819428', '2073620', ''),
('FRHEY', 87723429, '829164', '2069123', ''),
('FRHFA', 87723452, '837240', '2066902', ''),
('FRHFB', 87723478, '843011', '2067015', ''),
('FRSAG', 87723494, '848913', '2065503', ''),
('FRHFC', 87723502, '798681', '2092521', ''),
('FRHFE', 87723528, '803367', '2094693', ''),
('FRHFF', 87723536, '805189', '2095351', ''),
('FRHFG', 87723544, '807441', '2096146', ''),
('FRHFI', 87723569, '811317', '2097821', ''),
('FRQVI', 87723577, '816547', '2098171', ''),
('FRHFJ', 87723585, '821640', '2104196', ''),
('FRHFL', 87723700, '797265', '2094291', ''),
('FRHFM', 87723718, '799828', '2100421', ''),
('FRHFN', 87723726, '800428', '2102904', ''),
('FRHFO', 87723734, '802585', '2106218', ''),
('FRHFP', 87723742, '804721', '2109007', ''),
('FRHFQ', 87723759, '808460', '2115127', ''),
('FRHFR', 87723767, '811696', '2121890', ''),
('FRHFS', 87723783, '815805', '2126038', ''),
('FRHFT', 87723791, '818769', '2129548', ''),
('FRXCD', 87725002, '791390', '2201008', ''),
('FRHGQ', 87725622, '796981', '2177295', ''),
('FRHGU', 87725689, '791675', '2147759', ''),
('FRMLT', 87725705, '788186', '2145452', ''),
('FRHGV', 87725713, '788693', '2141433', ''),
('FRHGW', 87725721, '787959', '2137675', ''),
('FRHGX', 87725739, '785710', '2133531', ''),
('FRECE', 87725895, '866053', '2022630', ''),
('FRHHD', 87726000, '761444', '2051334', ''),
('FRHHG', 87726158, '759781', '2053678', ''),
('FRHHH', 87726174, '759773', '2050592', ''),
('FRHHI', 87726190, '760946', '2048410', ''),
('FRHHJ', 87726208, '752751', '2064738', ''),
('FRHHK', 87726216, '751648', '2060127', ''),
('FRHHL', 87726232, '754792', '2057228', ''),
('FRHHO', 87726307, '770505', '2054819', ''),
('FRHHQ', 87726331, '777326', '2060774', ''),
('FRHHS', 87726406, '749903', '2059757', ''),
('FRHHT', 87726414, '746859', '2059729', ''),
('FRHHV', 87726430, '739321', '2063153', ''),
('FRHHW', 87726448, '735876', '2068626', ''),
('FRHIL', 87726703, '758289', '2046800', ''),
('FRHIM', 87726711, '755508', '2045776', ''),
('FRFNY', 87726729, '752703', '2045358', ''),
('FRHIQ', 87726760, '745867', '2042911', ''),
('FRHIT', 87726778, '741455', '2034640', ''),
('FRRNE', 87726802, '733636', '2117022', ''),
('FRLCU', 87726828, '735469', '2115253', ''),
('FRHIZ', 87726851, '738836', '2099954', ''),
('FRHJA', 87726869, '743833', '2092525', ''),
('FRHJB', 87726877, '747376', '2084415', ''),
('FRHJC', 87726885, '749076', '2073373', ''),
('FRHJD', 87726901, '760291', '2051686', ''),
('FRHJE', 87728501, '795908', '2081515', ''),
('FRVHY', 87732008, '684540', '2125786', ''),
('FRSGF', 87732206, '684413', '2134914', ''),
('FRGAN', 87732404, '667142', '2122286', ''),
('FRCFE', 87734004, '659417', '2086762', ''),
('FRHKO', 87734038, '656394', '2085511', ''),
('FRRIO', 87734053, '660872', '2099145', ''),
('FRHKX', 87734160, '666340', '2080747', ''),
('FRHLB', 87734202, '671663', '2060813', ''),
('FRHLE', 87734244, '677770', '2046452', ''),
('FRARV', 87734251, '676315', '2041018', ''),
('FRHLF', 87734269, '681753', '2033892', ''),
('FRSGA', 87734301, '691084', '2018451', ''),
('FRHLI', 87734319, '690856', '2011847', ''),
('FRHLM', 87734350, '720516', '1971364', ''),
('FRHLQ', 87734426, '674007', '2087588', ''),
('FRHLS', 87734442, '681538', '2091749', ''),
('FRPDO', 87734459, '689635', '2094272', ''),
('FRLPY', 87734699, '722627', '2005890', ''),
('FRHMS', 87734749, '733554', '2023750', ''),
('FRHMY', 87734871, '667526', '2028500', ''),
('FRCMF', 87741009, '879642', '2069779', ''),
('FRCUZ', 87741074, '867313', '2099516', ''),
('FRHNW', 87741108, '869625', '2097518', ''),
('FRHNX', 87741116, '872805', '2095331', ''),
('FRXAI', 87741132, '878237', '2082714', ''),
('FRHNZ', 87741140, '877966', '2078325', ''),
('FRMML', 87741181, '889615', '2062678', ''),
('FRSPA', 87741223, '898163', '2069131', ''),
('FRHOF', 87741231, '902068', '2069338', ''),
('FRAGB', 87741256, '909969', '2068191', ''),
('FRHOH', 87741280, '909340', '2058510', ''),
('FRHOJ', 87741306, '910736', '2047020', ''),
('FRHOL', 87741421, '871492', '2065548', ''),
('FRHOM', 87741439, '867709', '2065965', ''),
('FRHOO', 87741454, '865309', '2061676', ''),
('FRHOQ', 87741470, '861211', '2063793', ''),
('FRHOS', 87741496, '852918', '2065402', ''),
('FRHOT', 87741504, '857583', '2099660', ''),
('FRHOV', 87741611, '905952', '2073640', ''),
('FRHOW', 87741629, '910049', '2077865', ''),
('FRXAV', 87741645, '915195', '2082873', ''),
('FRHPB', 87741694, '922631', '2068359', ''),
('FRQMU', 87741728, '927830', '2062754', ''),
('FRQAI', 87741769, '936590', '2070786', ''),
('FRHPG', 87741777, '943093', '2073355', ''),
('FRQBM', 87741793, '945747', '2078438', ''),
('FRAGR', 87742007, '939597', '2030783', ''),
('FRHPN', 87742320, '915180', '2038869', ''),
('FRXVR', 87742361, '924698', '2032618', ''),
('FRXBK', 87743005, '822104', '2137395', ''),
('FRHQN', 87743351, '846308', '2136617', ''),
('FRAMB', 87743716, '832971', '2110427', ''),
('FRHRE', 87743740, '840459', '2109978', ''),
('FRHRF', 87743757, '845402', '2107388', ''),
('FRXBF', 87745000, '869488', '2129256', ''),
('FRHSB', 87745414, '880591', '2129719', ''),
('FRHSD', 87745430, '889540', '2133780', ''),
('FRQNJ', 87745497, '900867', '2140693', ''),
('FRHSK', 87745588, '907649', '2146825', ''),
('FRHSL', 87745596, '910467', '2149057', ''),
('FRHSN', 87745620, '914798', '2152982', ''),
('FRXTS', 87745646, '918770', '2160502', ''),
('FRXEB', 87745679, '925966', '2164104', ''),
('FRHSX', 87745828, '870818', '2113000', ''),
('FRNCY', 87746008, '893625', '2107269', ''),
('FRHTB', 87746107, '879046', '2086828', ''),
('FRALE', 87746115, '880786', '2093765', ''),
('FRHTE', 87746149, '880347', '2102304', ''),
('FRHTK', 87746206, '893545', '2111430', ''),
('FRHTO', 87746248, '897214', '2119583', ''),
('FRLRF', 87746305, '906796', '2126349', ''),
('FRHTT', 87746313, '912410', '2125708', ''),
('FRHTV', 87746339, '915449', '2127910', ''),
('FRHTW', 87746347, '922439', '2129510', ''),
('FRHTZ', 87746370, '928385', '2126782', ''),
('FRHUB', 87746412, '931656', '2122007', ''),
('FRXSN', 87746438, '933305', '2113052', ''),
('FRXGF', 87746479, '938460', '2110086', ''),
('FRHUF', 87746511, '903677', '2132641', ''),
('FRXCF', 87746784, '951801', '2112650', ''),
('FRGNB', 87747006, '865445', '2026915', ''),
('FRHVI', 87747204, '845076', '2059477', ''),
('FRHVJ', 87747212, '841870', '2053418', ''),
('FRHVK', 87747220, '841658', '2048768', ''),
('FRHVM', 87747246, '847219', '2044641', ''),
('FRHVN', 87747279, '850533', '2046021', ''),
('FRHVO', 87747287, '855256', '2045682', ''),
('FRABZ', 87747329, '854434', '2040991', ''),
('FRHVQ', 87747337, '858512', '2037627', ''),
('FRHVR', 87747352, '861833', '2031682', ''),
('FRHVS', 87747402, '870990', '2026426', ''),
('FRHVV', 87747451, '879764', '2035448', ''),
('FRHVX', 87747477, '885055', '2044537', ''),
('FRHVZ', 87747493, '887215', '2054884', ''),
('FRHWN', 87747691, '853094', '2041142', ''),
('FRMSC', 87751008, '847354', '1815941', ''),
('FRMBC', 87751081, '849486', '1815297', ''),
('FRHXN', 87751362, '855634', '1858790', ''),
('FRQXB', 87751404, '851638', '1840624', ''),
('FRHXP', 87751420, '853390', '1833248', ''),
('FRHXQ', 87751438, '850461', '1830762', ''),
('FRHYF', 87751800, '846069', '1827070', ''),
('FRPEJ', 87751826, '845237', '1823286', ''),
('FRHYH', 87751842, '847988', '1820035', ''),
('FRMAZ', 87753004, '815356', '1845735', ''),
('FRHZA', 87753657, '785301', '1856375', ''),
('FRTLN', 87755009, '892807', '1798432', ''),
('FRXRS', 87755447, '935915', '1837037', ''),
('FRXHE', 87755629, '908770', '1797014', ''),
('FRNIC', 87756056, '997248', '1868328', ''),
('FRXMM', 87756403, '1009722', '1872888', ''),
('FRXMT', 87756486, '1015376', '1877261', ''),
('FRBRR', 87756833, '1016012', '1896216', ''),
('FRAFN', 87757500, '956336', '1835506', ''),
('FRXSK', 87757526, '959310', '1834735', ''),
('FRJCA', 87757625, '978747', '1850387', ''),
('FRXAT', 87757674, '986592', '1854413', ''),
('FRIBL', 87757724, '970495', '1860980', ''),
('FRIBM', 87757732, '974561', '1851849', ''),
('FRLAJ', 87757740, '974863', '1850626', ''),
('FRLBO', 87757757, '975676', '1849944', ''),
('FRPEI', 87759290, '848255', '1819142', ''),
('FRPEK', 87759316, '846651', '1821438', ''),
('FRVAF', 87761007, '801890', '1995213', ''),
('FRIEO', 87761106, '794071', '2036088', ''),
('FRIEQ', 87761130, '794755', '2023638', ''),
('FRIER', 87761163, '797153', '2011090', ''),
('FRIEV', 87761239, '824872', '2071595', ''),
('FRLIV', 87761247, '797462', '1978555', ''),
('FRIEW', 87761262, '796495', '1975732', ''),
('FRIFE', 87761650, '813756', '2009047', ''),
('FRITY', 87761684, '828970', '2012089', ''),
('FRIFG', 87761718, '834911', '2021165', ''),
('FRIFH', 87761726, '841469', '2027763', ''),
('FRIFI', 87761742, '846250', '2033288', ''),
('FRIFG', 87761759, '847491', '2038348', ''),
('FRCRE', 87761783, '812334', '1973548', ''),
('FRDIE', 87761841, '839710', '1977660', ''),
('FRIFP', 87761874, '847579', '1961886', ''),
('FRJDQ', 87762906, '813228', '2083781', ''),
('FRGAT', 87763003, '897917', '1958522', ''),
('FRVLA', 87763029, '808395', '2002478', ''),
('FRVDY', 87763300, '876644', '1954015', ''),
('FRIGS', 87763425, '912815', '1957248', ''),
('FRIGV', 87763466, '930532', '1960527', ''),
('FRIGZ', 87763508, '939317', '1972985', ''),
('FRIHC', 87763557, '933932', '1985655', ''),
('FRXBC', 87763607, '939383', '1996952', ''),
('FRXMK', 87764001, '791424', '1953827', ''),
('FRIHM', 87764290, '788662', '1940797', ''),
('FRIHN', 87764308, '788781', '1933229', ''),
('FRAES', 87765008, '798384', '1885378', ''),
('FRXOG', 87765107, '798841', '1907140', ''),
('FRTCN', 87765354, '786955', '1869365', ''),
('FRMPL', 87773002, '724967', '1846108', ''),
('FRXSY', 87773200, '710306', '1824356', ''),
('FRIJB', 87773408, '744862', '1854730', ''),
('FRIJI', 87773515, '722461', '1839117', ''),
('FRIJJ', 87773531, '718493', '1834314', ''),
('FRIJK', 87773556, '715321', '1827981', ''),
('FRFNI', 87775007, '763395', '1872182', ''),
('FRIJS', 87775114, '751808', '1861603', ''),
('FRLBS', 87775171, '724517', '1955870', ''),
('FRIJW', 87775197, '726407', '1938876', ''),
('FRIJY', 87775213, '728886', '1928758', ''),
('FRIKC', 87775254, '735731', '1913544', ''),
('FRXAS', 87775288, '740037', '1904536', ''),
('FRBZR', 87781005, '671566', '1816325', ''),
('FRILP', 87781062, '657355', '1780036', ''),
('FRILQ', 87781088, '655311', '1770219', ''),
('FRXNA', 87781104, '654511', '1798953', ''),
('FRXAG', 87781278, '691772', '1813463', ''),
('FRIMC', 87781542, '665953', '1868174', ''),
('FRIMG', 87781583, '667149', '1854771', ''),
('FRIMH', 87781609, '665681', '1845419', ''),
('FRIMK', 87781666, '672365', '1829927', ''),
('FRFDM', 87782607, '662050', '2085497', ''),
('FRMAU', 87783001, '659174', '1900337', ''),
('FRIMW', 87783175, '660665', '2004097', ''),
('FRINB', 87783241, '673945', '1978320', ''),
('FRINC', 87783266, '675060', '1969042', ''),
('FRINE', 87783282, '675104', '1949747', ''),
('FRINH', 87783324, '668476', '1938887', ''),
('FRINJ', 87783340, '658141', '1935946', ''),
('FRSVC', 87783365, '657543', '1925161', ''),
('FRINM', 87783423, '651915', '1896286', ''),
('FRINN', 87783431, '650654', '1890553', ''),
('FRINO', 87783456, '654627', '1885626', ''),
('FRMEN', 87783605, '692702', '1947505', ''),
('FRPGF', 87784009, '644603', '1743774', ''),
('FRIOE', 87784157, '647604', '1759349', ''),
('FRIOF', 87784173, '643581', '1751571', ''),
('FRIOG', 87784207, '651582', '1732834', ''),
('FRARM', 87784231, '656404', '1726925', ''),
('FRXCU', 87784256, '661134', '1725068', ''),
('FRXPV', 87784264, '663098', '1723582', ''),
('FRXBU', 87784298, '664947', '1720174', ''),
('', 87785006, '668383', '1715770', '');

--
-- Contraintes pour les tables exportées
--

--
-- Contraintes pour la table `gain`
--
ALTER TABLE `gain`
  ADD CONSTRAINT `fk_gain_partenaire1` FOREIGN KEY (`idPartenaire`) REFERENCES `partenaire` (`idPartenaire`) ON DELETE NO ACTION ON UPDATE NO ACTION;

--
-- Contraintes pour la table `participer`
--
ALTER TABLE `participer`
  ADD CONSTRAINT `fk_utilisateur_has_quizz_utilisateur` FOREIGN KEY (`idParticipant`) REFERENCES `participant` (`idParticipant`) ON DELETE NO ACTION ON UPDATE NO ACTION,
  ADD CONSTRAINT `fk_utilisateur_has_quizz_quizz1` FOREIGN KEY (`idQuizz`) REFERENCES `quizz` (`idQuizz`) ON DELETE NO ACTION ON UPDATE NO ACTION;

--
-- Contraintes pour la table `quizz`
--
ALTER TABLE `quizz`
  ADD CONSTRAINT `fk_quizz_partenaire1` FOREIGN KEY (`idPartenaire`) REFERENCES `partenaire` (`idPartenaire`) ON DELETE NO ACTION ON UPDATE NO ACTION,
  ADD CONSTRAINT `fk_quizz_question1` FOREIGN KEY (`idQuestion`) REFERENCES `question` (`idQuestion`) ON DELETE NO ACTION ON UPDATE NO ACTION,
  ADD CONSTRAINT `fk_quizz_gain1` FOREIGN KEY (`idGain`) REFERENCES `gain` (`idGain`) ON DELETE NO ACTION ON UPDATE NO ACTION,
  ADD CONSTRAINT `fk_quizz_utilisateur1` FOREIGN KEY (`idParticipant`) REFERENCES `participant` (`idParticipant`) ON DELETE NO ACTION ON UPDATE NO ACTION,
  ADD CONSTRAINT `fk_quizz_gare1` FOREIGN KEY (`idGare`) REFERENCES `gare` (`idGare`) ON DELETE NO ACTION ON UPDATE NO ACTION;

--
-- Contraintes pour la table `situer`
--
ALTER TABLE `situer`
  ADD CONSTRAINT `fk_gare_has_partenaire_gare1` FOREIGN KEY (`idGare`) REFERENCES `gare` (`idGare`) ON DELETE NO ACTION ON UPDATE NO ACTION,
  ADD CONSTRAINT `fk_gare_has_partenaire_partenaire1` FOREIGN KEY (`idPartenaire`) REFERENCES `partenaire` (`idPartenaire`) ON DELETE NO ACTION ON UPDATE NO ACTION;

/*!40101 SET CHARACTER_SET_CLIENT=@OLD_CHARACTER_SET_CLIENT */;
/*!40101 SET CHARACTER_SET_RESULTS=@OLD_CHARACTER_SET_RESULTS */;
/*!40101 SET COLLATION_CONNECTION=@OLD_COLLATION_CONNECTION */;
